ml_rank,ml_anomaly_score,ml_decision_function,label,scenario_ids,process_name,image,command_line,parent_image,event_count,has_encoded_command,has_registry_run,has_scheduled_task,has_service_creation,has_startup_folder,runs_from_temp,has_network_connection,external_destination_count,suspicious_keyword_count,process_key,process_guid,process_id,user,parent_name,phase,first_seen,last_seen,unique_event_ids,event_id_1_process_create,event_id_3_network,event_id_5_process_terminate,event_id_7_image_load,event_id_11_file_create,event_id_12_registry_create,event_id_13_registry_set,event_id_14_registry_rename,event_id_22_dns,network_connection_count,dns_query_count,file_creation_count,registry_event_count,destination_ip_count,runs_from_user_profile,has_powershell,is_lolbin,rare_parent_child,commandline_length_max
1,0.21535582476325,-0.21535582476325,normal,N1;N2;N3;N4;N5,powershell.exe,C:\WINDOWS\System32\WindowsPowerShell\v1.0\powershell.exe,,,40,0,0,0,0,0,0,1,2,2,guid:{55857b6a-e4b8-6a43-1004-000000000b00},{55857b6a-e4b8-6a43-1004-000000000b00},12964,labwin\jjstestal,,fase3_normal,2026-06-30 17:52:59.339+02:00,2026-06-30 17:59:21.979+02:00,3,0,2,0,0,30,0,0,0,8,2,8,30,0,2,0,1,1,0,0
2,0.20765607746283732,-0.20765607746283732,background,S2;S3,firefox.exe,C:\Program Files\Mozilla Firefox\firefox.exe,"""C:\Program Files\Mozilla Firefox\firefox.exe"" --MOZ_LOG sync,prependheader,timestamp,append,maxsize:1,Dump:5 --MOZ_LOG_FILE C:\ProgramData\Mozilla-1de4eec8-1241-4177-a864-e594e8d1fb38\updates\308046B0AF4A39CB\backgroundupdate.moz_log --backgroundtask backgroundupdate",C:\Program Files\Mozilla Firefox\firefox.exe,90,0,0,0,0,1,1,1,3,3,guid:{55857b6a-c2c5-6a44-4201-000000000c00},{55857b6a-c2c5-6a44-4201-000000000c00},8916,labwin\jjstestal,firefox.exe,fase4_suspicious_simulated,2026-07-01 09:33:25.342+02:00,2026-07-01 09:33:37.833+02:00,5,1,7,1,0,70,0,0,0,11,7,11,70,0,4,0,0,0,0,268
3,0.17443422836238187,-0.17443422836238187,suspicious_simulated,S1;S2;S3;S4;S5;S6;S7,powershell.exe,C:\WINDOWS\System32\WindowsPowerShell\v1.0\powershell.exe,,,36,1,0,0,0,1,1,1,1,7,guid:{55857b6a-c19b-6a44-2101-000000000c00},{55857b6a-c19b-6a44-2101-000000000c00},1708,labwin\jjstestal,,fase4_suspicious_simulated,2026-07-01 09:31:16.565+02:00,2026-07-01 09:44:25.214+02:00,3,0,1,0,0,31,0,0,0,4,1,4,31,0,1,0,1,1,0,0
4,0.13522262106275362,-0.13522262106275362,background,S2,svchost.exe,C:\Windows\System32\svchost.exe,,,16,0,0,0,0,0,0,1,5,0,guid:{55857b6a-c0f6-6a44-3e00-000000000c00},{55857b6a-c0f6-6a44-3e00-000000000c00},3324,NT AUTHORITY\SYSTEM,,fase4_suspicious_simulated,2026-07-01 09:33:28.642+02:00,2026-07-01 09:43:17.161+02:00,2,0,11,0,0,0,0,0,0,5,11,5,0,0,5,0,0,0,0,0
5,0.12919510479403074,-0.12919510479403074,background,,msedgewebview2.exe,C:\Program Files (x86)\Microsoft\EdgeWebView\Application\149.0.4022.98\msedgewebview2.exe,,,91,0,0,0,0,0,0,1,13,1,guid:{55857b6a-c0fb-6a44-8a00-000000000c00},{55857b6a-c0fb-6a44-8a00-000000000c00},7320,labwin\jjstestal,,fase4_suspicious_simulated,2026-07-01 09:31:07.751+02:00,2026-07-01 09:40:13.447+02:00,2,0,82,0,0,9,0,0,0,0,82,0,9,0,14,0,0,0,0,0
6,0.10804184891949431,-0.10804184891949431,background,,systemsettings.exe,C:\Windows\ImmersiveControlPanel\SystemSettings.exe,"""C:\Windows\ImmersiveControlPanel\SystemSettings.exe"" -ServerName:microsoft.windows.immersivecontrolpanel",-,13,0,0,0,0,0,0,1,1,1,guid:{55857b6a-c301-6a44-5e01-000000000c00},{55857b6a-c301-6a44-5e01-000000000c00},9248,labwin\jjstestal,-,fase4_suspicious_simulated,2026-07-01 09:34:25.543+02:00,2026-07-01 09:34:29.326+02:00,4,1,2,0,0,9,0,0,0,1,2,1,9,0,1,0,0,0,1,105
7,0.1032084094632627,-0.1032084094632627,background,S2,taskhostw.exe,C:\Windows\System32\taskhostw.exe,taskhostw.exe,-,25,0,0,0,0,0,0,1,1,1,guid:{55857b6a-c2c5-6a44-3801-000000000c00},{55857b6a-c2c5-6a44-3801-000000000c00},5308,NT AUTHORITY\SYSTEM,-,fase4_suspicious_simulated,2026-07-01 09:33:25.320+02:00,2026-07-01 09:33:35.256+02:00,5,1,20,1,0,1,0,0,0,2,20,2,1,0,1,0,0,0,0,13
8,0.09686451033247534,-0.09686451033247534,background,,svchost.exe,C:\Windows\System32\svchost.exe,,,8,0,0,0,0,0,0,1,4,0,guid:{55857b6a-c111-6a44-d900-000000000c00},{55857b6a-c111-6a44-d900-000000000c00},14124,NT AUTHORITY\SYSTEM,,fase4_suspicious_simulated,2026-07-01 09:35:52.116+02:00,2026-07-01 09:40:50.343+02:00,2,0,4,0,0,0,0,0,0,4,4,4,0,0,4,0,0,0,0,0
9,0.09372356224722378,-0.09372356224722378,background,S2;S3;S5;S7,svchost.exe,C:\Windows\System32\svchost.exe,,,49,0,0,0,0,0,0,1,0,0,guid:{55857b6a-c0f5-6a44-2d00-000000000c00},{55857b6a-c0f5-6a44-2d00-000000000c00},2264,NT AUTHORITY\Servicio de red,,fase4_suspicious_simulated,2026-07-01 09:33:31.675+02:00,2026-07-01 09:44:12.349+02:00,1,0,49,0,0,0,0,0,0,0,49,0,0,0,2,0,0,0,0,0
10,0.08891314812801254,-0.08891314812801254,background,,svchost.exe,C:\WINDOWS\System32\svchost.exe,,,8,0,0,0,0,0,0,1,3,1,guid:{55857b6a-c170-6a44-0101-000000000c00},{55857b6a-c170-6a44-0101-000000000c00},15224,NT AUTHORITY\Servicio de red,,fase4_suspicious_simulated,2026-07-01 09:35:58.870+02:00,2026-07-01 09:36:01.244+02:00,3,0,4,0,0,2,0,0,0,2,4,2,2,0,3,0,0,0,0,0
11,0.08203953217930593,-0.08203953217930593,normal,N5,svchost.exe,C:\Windows\System32\svchost.exe,,,20,0,0,0,0,0,0,1,0,0,guid:{55857b6a-a216-6a43-2d00-000000000b00},{55857b6a-a216-6a43-2d00-000000000b00},2272,NT AUTHORITY\Servicio de red,,fase3_normal,2026-06-30 17:54:02.974+02:00,2026-06-30 17:55:34.959+02:00,1,0,20,0,0,0,0,0,0,0,20,0,0,0,2,0,0,0,0,0
12,0.07686998799470257,-0.07686998799470257,background,S2,maintenanceservice.exe,C:\Program Files (x86)\Mozilla Maintenance Service\maintenanceservice.exe,"""C:\Program Files (x86)\Mozilla Maintenance Service\maintenanceservice.exe""",-,12,0,0,0,0,0,0,1,1,1,guid:{55857b6a-c2ca-6a44-5801-000000000c00},{55857b6a-c2ca-6a44-5801-000000000c00},7540,NT AUTHORITY\SYSTEM,-,fase4_suspicious_simulated,2026-07-01 09:33:30.055+02:00,2026-07-01 09:33:33.954+02:00,5,1,1,1,0,8,0,0,0,1,1,1,8,0,1,0,0,0,1,75
13,0.053849652672074866,-0.053849652672074866,background,S5,msmpeng.exe,C:\ProgramData\Microsoft\Windows Defender\Platform\4.18.26050.15-0\MsMpEng.exe,,,3,0,0,0,0,0,0,1,1,0,guid:{55857b6a-c0f6-6a44-4600-000000000c00},{55857b6a-c0f6-6a44-4600-000000000c00},3468,NT AUTHORITY\SYSTEM,,fase4_suspicious_simulated,2026-07-01 09:39:55.954+02:00,2026-07-01 09:39:55.992+02:00,2,0,2,0,0,0,0,0,0,1,2,1,0,0,1,0,0,0,0,0
14,0.04506358971408997,-0.04506358971408997,background,S2;S5;S7,sysmon64.exe,C:\Windows\Sysmon64.exe,,,30,0,0,0,0,0,0,0,0,0,guid:{55857b6a-c0f6-6a44-4400-000000000c00},{55857b6a-c0f6-6a44-4400-000000000c00},3444,NT AUTHORITY\SYSTEM,,fase4_suspicious_simulated,2026-07-01 09:33:29.657+02:00,2026-07-01 09:44:12.215+02:00,1,0,0,0,0,0,0,0,0,30,0,30,0,0,0,0,0,0,0,0
15,0.03785206123173346,-0.03785206123173346,suspicious_simulated,S2,powershell.exe,C:\Windows\System32\WindowsPowerShell\v1.0\powershell.exe,"""C:\WINDOWS\System32\WindowsPowerShell\v1.0\powershell.exe"" -NoProfile -EncodedCommand VwByAGkAdABlAC0ATwB1AHQAcAB1AHQAIAAiAFQARgBNACAARgBhAHMAZQAgADQAIABwAHIAdQBlAGIAYQAgAGIAZQBuAGkAZwBuAGEAIABlAG4AYwBvAGQAZQBkACAAYwBvAG0AbQBhAG4AZAAiACAAfAAgAE8AdQB0AC0ARgBpAGwAZQAgAEMAOgBcAFQARgBNAF8AVAByAGkAYQBnAGUAXAByAGUAcABvAHIAdABzAFwAZgBhAHMAZQA0AF8AUwAyAF8AZQBuAGMAbwBkAGUAZABfAG8AdQB0AHAAdQB0AC4AdAB4AHQA",C:\Windows\System32\WindowsPowerShell\v1.0\powershell.exe,6,1,0,0,0,1,1,0,0,6,guid:{55857b6a-c2c6-6a44-5201-000000000c00},{55857b6a-c2c6-6a44-5201-000000000c00},10324,labwin\jjstestal,powershell.exe,fase4_suspicious_simulated,2026-07-01 09:33:26.561+02:00,2026-07-01 09:33:27.277+02:00,3,1,0,1,0,4,0,0,0,0,0,0,4,0,0,0,1,1,0,399
16,0.022860701389292526,-0.022860701389292526,background,S2,softlandingtask.exe,C:\Windows\SystemApps\MicrosoftWindows.Client.CBS_cw5n1h2txyewy\SoftLandingTask\SoftLandingTask.exe,"""C:\WINDOWS\SystemApps\MicrosoftWindows.Client.CBS_cw5n1h2txyewy\SoftLandingTask\SoftLandingTask.exe"" -Embedding",-,4,0,0,0,0,0,0,1,1,0,guid:{55857b6a-c2c5-6a44-4701-000000000c00},{55857b6a-c2c5-6a44-4701-000000000c00},13616,labwin\jjstestal,-,fase4_suspicious_simulated,2026-07-01 09:33:25.445+02:00,2026-07-01 09:34:25.572+02:00,4,1,1,1,0,0,0,0,0,1,1,1,0,0,1,0,0,0,1,112
17,0.020357876608610215,-0.020357876608610215,background,,<unknown process>,<unknown process>,,,3,0,0,0,0,0,0,1,3,0,guid:{00000000-0000-0000-0000-000000000000},{00000000-0000-0000-0000-000000000000},2964,-,,fase4_suspicious_simulated,2026-07-01 09:34:31.619+02:00,2026-07-01 09:44:11.061+02:00,1,0,3,0,0,0,0,0,0,0,3,0,0,0,3,0,0,0,0,0
18,0.017942784333278228,-0.017942784333278228,background,,taskhostw.exe,C:\Windows\System32\taskhostw.exe,taskhostw.exe,-,5,0,0,0,0,0,0,1,1,0,guid:{55857b6a-c547-6a44-a201-000000000c00},{55857b6a-c547-6a44-a201-000000000c00},9500,NT AUTHORITY\SYSTEM,-,fase4_suspicious_simulated,2026-07-01 09:44:07.435+02:00,2026-07-01 09:44:11.326+02:00,4,1,2,1,0,0,0,0,0,1,2,1,0,0,1,0,0,0,0,13
19,0.01618937879784621,-0.01618937879784621,background,,mousocoreworker.exe,C:\Windows\UUS\amd64\MoUsoCoreWorker.exe,"""C:\WINDOWS\uus\AMD64\MoUsoCoreWorker.exe"" useprivatenamespaces",C:\Windows\System32\svchost.exe,5,0,0,0,0,0,0,1,1,0,guid:{55857b6a-c47a-6a44-9201-000000000c00},{55857b6a-c47a-6a44-9201-000000000c00},13468,NT AUTHORITY\SYSTEM,svchost.exe,fase4_suspicious_simulated,2026-07-01 09:40:42.250+02:00,2026-07-01 09:41:49.553+02:00,4,1,2,1,0,0,0,0,0,1,2,1,0,0,1,0,0,0,0,63
20,0.012107678449145287,-0.012107678449145287,background,,widgetservice.exe,C:\Program Files\WindowsApps\Microsoft.WidgetsPlatformRuntime_1.6.15.0_x64__8wekyb3d8bbwe\WidgetService\WidgetService.exe,,,34,0,0,0,0,0,0,0,0,1,guid:{55857b6a-c0f9-6a44-8200-000000000c00},{55857b6a-c0f9-6a44-8200-000000000c00},6232,labwin\jjstestal,,fase4_suspicious_simulated,2026-07-01 09:32:48.374+02:00,2026-07-01 09:32:48.477+02:00,1,0,0,0,0,34,0,0,0,0,0,0,34,0,0,0,0,0,0,0
21,0.010796154020284443,-0.010796154020284443,background,,mpsigstub.exe,C:\Windows\System32\MpSigStub.exe,C:\WINDOWS\system32\MpSigStub.exe /stub 1.1.24010.2001 /payload 1.453.370.0 /MpWUStub /program C:\WINDOWS\SoftwareDistribution\Download\Install\AM_Delta_Patch_1.453.359.0.exe WD /q,C:\Windows\UUS\amd64\wuaucltcore.exe,8,0,0,0,0,0,1,0,0,1,guid:{55857b6a-c35f-6a44-7b01-000000000c00},{55857b6a-c35f-6a44-7b01-000000000c00},11912,NT AUTHORITY\SYSTEM,wuaucltcore.exe,fase4_suspicious_simulated,2026-07-01 09:35:59.784+02:00,2026-07-01 09:36:05.054+02:00,3,1,0,1,0,6,0,0,0,0,0,0,6,0,0,0,0,0,1,180
22,0.007343405998245456,-0.007343405998245456,background,,onedrivelauncher.exe,C:\Users\jjstestal\AppData\Local\Microsoft\OneDrive\26.106.0603.0003\OneDriveLauncher.exe,"""C:\Users\jjstestal\AppData\Local\Microsoft\OneDrive\26.106.0603.0003\OneDriveLauncher.exe"" /startInstances",-,12,0,0,0,0,0,0,0,0,1,guid:{55857b6a-c351-6a44-6801-000000000c00},{55857b6a-c351-6a44-6801-000000000c00},3032,labwin\jjstestal,-,fase4_suspicious_simulated,2026-07-01 09:35:45.163+02:00,2026-07-01 09:35:55.250+02:00,4,1,0,1,8,2,0,0,0,0,0,0,2,0,0,1,0,0,1,107
23,0.006443448381980299,-0.006443448381980299,background,S7,mpdefendercoreservice.exe,C:\ProgramData\Microsoft\Windows Defender\Platform\4.18.26050.15-0\MpDefenderCoreService.exe,,,4,0,0,0,0,0,0,1,1,0,guid:{55857b6a-c0f6-6a44-4200-000000000c00},{55857b6a-c0f6-6a44-4200-000000000c00},3420,NT AUTHORITY\SYSTEM,,fase4_suspicious_simulated,2026-07-01 09:31:59.272+02:00,2026-07-01 09:41:58.969+02:00,1,0,4,0,0,0,0,0,0,0,4,0,0,0,1,0,0,0,0,0
24,0.004359442072951247,-0.004359442072951247,normal,,mpdefendercoreservice.exe,C:\ProgramData\Microsoft\Windows Defender\Platform\4.18.26050.15-0\MpDefenderCoreService.exe,,,3,0,0,0,0,0,0,1,1,0,guid:{55857b6a-a217-6a43-4300-000000000b00},{55857b6a-a217-6a43-4300-000000000b00},3296,NT AUTHORITY\SYSTEM,,fase3_normal,2026-06-30 17:52:45.254+02:00,2026-06-30 17:58:57.608+02:00,1,0,3,0,0,0,0,0,0,0,3,0,0,0,1,0,0,0,0,0
25,0.0025045378514838568,-0.0025045378514838568,background,S2,svchost.exe,C:\Windows\System32\svchost.exe,C:\WINDOWS\system32\svchost.exe -k netsvcs -p -s wisvc,-,4,0,0,0,0,0,0,1,1,0,guid:{55857b6a-c2c7-6a44-5301-000000000c00},{55857b6a-c2c7-6a44-5301-000000000c00},15560,NT AUTHORITY\SYSTEM,-,fase4_suspicious_simulated,2026-07-01 09:33:27.490+02:00,2026-07-01 09:35:27.962+02:00,4,1,1,1,0,0,0,0,0,1,1,1,0,0,1,0,0,0,0,54
26,0.0025045378514838568,-0.0025045378514838568,background,,svchost.exe,C:\Windows\System32\svchost.exe,C:\WINDOWS\system32\svchost.exe -k netsvcs -p -s wlidsvc,-,4,0,0,0,0,0,0,1,1,0,guid:{55857b6a-c35c-6a44-7201-000000000c00},{55857b6a-c35c-6a44-7201-000000000c00},4068,NT AUTHORITY\SYSTEM,-,fase4_suspicious_simulated,2026-07-01 09:35:56.055+02:00,2026-07-01 09:42:35.844+02:00,4,1,1,1,0,0,0,0,0,1,1,1,0,0,1,0,0,0,0,56
27,0.0013363054188019197,-0.0013363054188019197,normal,N4,powershell.exe,C:\Windows\System32\WindowsPowerShell\v1.0\powershell.exe,"""C:\WINDOWS\System32\WindowsPowerShell\v1.0\powershell.exe"" -NoProfile -Command Get-Date",C:\Windows\System32\WindowsPowerShell\v1.0\powershell.exe,5,0,0,0,0,1,1,0,0,4,guid:{55857b6a-e6e0-6a43-5004-000000000b00},{55857b6a-e6e0-6a43-5004-000000000b00},13216,labwin\jjstestal,powershell.exe,fase3_normal,2026-06-30 17:55:12.676+02:00,2026-06-30 17:55:13.742+02:00,3,1,0,1,0,3,0,0,0,0,0,0,3,0,0,0,1,1,0,88
28,0.0006562964262506465,-0.0006562964262506465,suspicious_simulated,S1,svchost-test.exe,C:\Users\JJSTES~1\AppData\Local\Temp\TFMTest\svchost-test.exe,"""C:\Users\JJSTES~1\AppData\Local\Temp\TFMTest\svchost-test.exe"" ",C:\Windows\System32\WindowsPowerShell\v1.0\powershell.exe,3,0,0,0,0,0,1,0,0,5,guid:{55857b6a-c292-6a44-3601-000000000c00},{55857b6a-c292-6a44-3601-000000000c00},14700,labwin\jjstestal,powershell.exe,fase4_suspicious_simulated,2026-07-01 09:32:34.142+02:00,2026-07-01 09:32:34.161+02:00,3,1,0,1,1,0,0,0,0,0,0,0,0,0,0,1,1,0,1,64
29,-0.0,0.0,normal,N4,powershell.exe,C:\Windows\System32\WindowsPowerShell\v1.0\powershell.exe,"""C:\WINDOWS\System32\WindowsPowerShell\v1.0\powershell.exe"" -NoProfile -Command ""Get-ChildItem C:\TFM_Triage | Select-Object Name, FullName""",C:\Windows\System32\WindowsPowerShell\v1.0\powershell.exe,5,0,0,0,0,1,1,0,0,4,guid:{55857b6a-e6e3-6a43-5304-000000000b00},{55857b6a-e6e3-6a43-5304-000000000b00},3228,labwin\jjstestal,powershell.exe,fase3_normal,2026-06-30 17:55:15.273+02:00,2026-06-30 17:55:15.987+02:00,3,1,0,1,0,3,0,0,0,0,0,0,3,0,0,0,1,1,0,140
30,-0.0038341742508598564,0.0038341742508598564,background,S2,svchost.exe,C:\Windows\System32\svchost.exe,,,2,0,0,0,0,0,0,1,1,0,guid:{55857b6a-c123-6a44-e300-000000000c00},{55857b6a-c123-6a44-e300-000000000c00},15312,NT AUTHORITY\SERVICIO LOCAL,,fase4_suspicious_simulated,2026-07-01 09:33:29.391+02:00,2026-07-01 09:33:31.675+02:00,1,0,2,0,0,0,0,0,0,0,2,0,0,0,2,0,0,0,0,0
31,-0.011574824978541454,0.011574824978541454,normal,,pickerhost.exe,C:\Windows\System32\PickerHost.exe,C:\Windows\System32\PickerHost.exe -Embedding,C:\Windows\System32\svchost.exe,5,0,0,0,0,0,0,0,0,1,guid:{55857b6a-e631-6a43-3f04-000000000b00},{55857b6a-e631-6a43-3f04-000000000b00},9180,labwin\jjstestal,svchost.exe,fase3_normal,2026-06-30 17:52:17.763+02:00,2026-06-30 17:52:32.463+02:00,4,1,0,1,1,2,0,0,0,0,0,0,2,0,0,0,0,0,1,45
32,-0.012009308367596061,0.012009308367596061,normal,N3,schtasks.exe,C:\Windows\System32\schtasks.exe,schtasks  /query /fo LIST,C:\Windows\System32\cmd.exe,2,0,0,1,0,0,0,0,0,2,guid:{55857b6a-e6c9-6a43-4f04-000000000b00},{55857b6a-e6c9-6a43-4f04-000000000b00},12356,labwin\jjstestal,cmd.exe,fase3_normal,2026-06-30 17:54:49.042+02:00,2026-06-30 17:54:49.668+02:00,2,1,0,1,0,0,0,0,0,0,0,0,0,0,0,0,0,1,1,25
33,-0.02049819376673845,0.02049819376673845,background,,explorer.exe,C:\WINDOWS\Explorer.EXE,,,16,0,0,0,0,0,0,0,0,1,guid:{55857b6a-c0f8-6a44-7200-000000000c00},{55857b6a-c0f8-6a44-7200-000000000c00},4596,labwin\jjstestal,,fase4_suspicious_simulated,2026-07-01 09:36:19.545+02:00,2026-07-01 09:41:05.800+02:00,1,0,0,0,0,16,0,0,0,0,0,0,16,0,0,0,0,0,0,0
34,-0.02049819376673845,0.02049819376673845,background,,msedgewebview2.exe,C:\Program Files (x86)\Microsoft\EdgeWebView\Application\149.0.4022.98\msedgewebview2.exe,,,16,0,0,0,0,0,0,0,0,1,guid:{55857b6a-c0fb-6a44-8600-000000000c00},{55857b6a-c0fb-6a44-8600-000000000c00},6644,labwin\jjstestal,,fase4_suspicious_simulated,2026-07-01 09:36:07.498+02:00,2026-07-01 09:39:11.532+02:00,1,0,0,0,0,16,0,0,0,0,0,0,16,0,0,0,0,0,0,0
35,-0.02367676624205639,0.02367676624205639,suspicious_simulated,S4,schtasks.exe,C:\Windows\System32\schtasks.exe,"""C:\WINDOWS\system32\schtasks.exe"" /Create /TN TFMTestTask /TR notepad.exe /SC ONCE /ST 23:59 /F",C:\Windows\System32\WindowsPowerShell\v1.0\powershell.exe,2,0,0,1,0,0,0,0,0,4,guid:{55857b6a-c3e6-6a44-8301-000000000c00},{55857b6a-c3e6-6a44-8301-000000000c00},15284,labwin\jjstestal,powershell.exe,fase4_suspicious_simulated,2026-07-01 09:38:14.176+02:00,2026-07-01 09:38:14.201+02:00,2,1,0,1,0,0,0,0,0,0,0,0,0,0,0,0,1,1,0,96
36,-0.02519908253959513,0.02519908253959513,suspicious_simulated,S4,schtasks.exe,C:\Windows\System32\schtasks.exe,"""C:\WINDOWS\system32\schtasks.exe"" /Query /TN TFMTestTask /V /FO LIST",C:\Windows\System32\WindowsPowerShell\v1.0\powershell.exe,2,0,0,1,0,0,0,0,0,4,guid:{55857b6a-c3e6-6a44-8401-000000000c00},{55857b6a-c3e6-6a44-8401-000000000c00},7604,labwin\jjstestal,powershell.exe,fase4_suspicious_simulated,2026-07-01 09:38:14.222+02:00,2026-07-01 09:38:14.236+02:00,2,1,0,1,0,0,0,0,0,0,0,0,0,0,0,0,1,1,0,69
37,-0.02543800129903062,0.02543800129903062,suspicious_simulated,S4,schtasks.exe,C:\Windows\System32\schtasks.exe,"""C:\WINDOWS\system32\schtasks.exe"" /Delete /TN TFMTestTask /F",C:\Windows\System32\WindowsPowerShell\v1.0\powershell.exe,2,0,0,1,0,0,0,0,0,4,guid:{55857b6a-c3e8-6a44-8501-000000000c00},{55857b6a-c3e8-6a44-8501-000000000c00},7388,labwin\jjstestal,powershell.exe,fase4_suspicious_simulated,2026-07-01 09:38:16.274+02:00,2026-07-01 09:38:16.284+02:00,2,1,0,1,0,0,0,0,0,0,0,0,0,0,0,0,1,1,0,61
38,-0.027642770266464334,0.027642770266464334,normal,N1,notepad.exe,C:\Program Files\WindowsApps\microsoft.windowsnotepad_11.2510.14.0_x64__8wekyb3d8bbwe\Notepad\Notepad.exe,"""C:\Program Files\WindowsApps\microsoft.windowsnotepad_11.2510.14.0_x64__8wekyb3d8bbwe\Notepad\Notepad.exe"" /SESSION:V1VEbPF0bEmJEygXfJ40fwAAAAABAgAB6A8AAPF0bEn4AgAAAAAAAA==",C:\Program Files\WindowsApps\microsoft.windowsnotepad_11.2510.14.0_x64__8wekyb3d8bbwe\Notepad\Notepad.exe,7,0,0,0,0,0,0,0,0,1,guid:{55857b6a-e67f-6a43-4104-000000000b00},{55857b6a-e67f-6a43-4104-000000000b00},12492,labwin\jjstestal,notepad.exe,fase3_normal,2026-06-30 17:53:35.163+02:00,2026-06-30 17:53:38.988+02:00,3,1,0,1,0,5,0,0,0,0,0,0,5,0,0,0,0,0,1,173
39,-0.030350682629728176,0.030350682629728176,normal,,sysmon64.exe,C:\Windows\Sysmon64.exe,,,1,0,0,0,0,0,0,0,0,0,guid:{55857b6a-b1b8-6a43-8602-000000000b00},{55857b6a-b1b8-6a43-8602-000000000b00},11472,NT AUTHORITY\SYSTEM,,fase3_normal,2026-06-30 17:55:36.951+02:00,2026-06-30 17:55:36.951+02:00,1,0,0,0,0,0,0,0,0,1,0,1,0,0,0,0,0,0,0,0
40,-0.031188872917785382,0.031188872917785382,background,,system,System,,,4,0,0,0,0,0,0,1,0,0,guid:{55857b6a-c0f1-6a44-eb03-000000000000},{55857b6a-c0f1-6a44-eb03-000000000000},4,NT AUTHORITY\SYSTEM,,fase4_suspicious_simulated,2026-07-01 09:36:02.767+02:00,2026-07-01 09:38:40.506+02:00,1,0,4,0,0,0,0,0,0,0,4,0,0,0,1,0,0,0,0,0
41,-0.03151776279197649,0.03151776279197649,background,,firefox.exe,C:\Program Files\Mozilla Firefox\firefox.exe,"""C:\Program Files\Mozilla Firefox\firefox.exe"" -contentproc -parentBuildID 20260624221428 -prefsHandle 2464:26977 -prefMapHandle 2476:294749 -ipcHandle 2488 -initialChannelId {b4d71b3b-0176-4335-a5ef-32e99a62869d} -parentPid 8916 -crashReporter ""\\.\pipe\gecko-crash-server-pipe.8916"" -crashHelperPid 0 -crashHelper 2500 -win32kLockedDown -appDir ""C:\Program Files\Mozilla Firefox\browser"" - 1 socket",C:\Program Files\Mozilla Firefox\firefox.exe,4,0,0,0,0,0,0,1,0,0,guid:{55857b6a-c2ce-6a44-5a01-000000000c00},{55857b6a-c2ce-6a44-5a01-000000000c00},4280,labwin\jjstestal,firefox.exe,fase4_suspicious_simulated,2026-07-01 09:33:34.293+02:00,2026-07-01 09:33:36.756+02:00,3,1,2,1,0,0,0,0,0,0,2,0,0,0,1,0,0,0,0,400
42,-0.03826922745983241,0.03826922745983241,background,,sublime_text.exe,C:\Program Files\Sublime Text\sublime_text.exe,"""C:\Program Files\Sublime Text\sublime_text.exe"" ",C:\Windows\explorer.exe,5,0,0,0,0,0,0,0,0,1,guid:{55857b6a-c35d-6a44-7301-000000000c00},{55857b6a-c35d-6a44-7301-000000000c00},5380,labwin\jjstestal,explorer.exe,fase4_suspicious_simulated,2026-07-01 09:35:57.630+02:00,2026-07-01 09:37:39.732+02:00,4,1,0,1,1,2,0,0,0,0,0,0,2,0,0,0,0,0,0,49
43,-0.038816367596303136,0.038816367596303136,background,,pickerhost.exe,C:\Windows\System32\PickerHost.exe,C:\Windows\System32\PickerHost.exe -Embedding,-,5,0,0,0,0,0,0,0,0,1,guid:{55857b6a-c3a8-6a44-8101-000000000c00},{55857b6a-c3a8-6a44-8101-000000000c00},1196,labwin\jjstestal,-,fase4_suspicious_simulated,2026-07-01 09:37:12.734+02:00,2026-07-01 09:37:23.915+02:00,4,1,0,1,1,2,0,0,0,0,0,0,2,0,0,0,0,0,0,45
44,-0.038816367596303136,0.038816367596303136,background,,pickerhost.exe,C:\Windows\System32\PickerHost.exe,C:\Windows\System32\PickerHost.exe -Embedding,-,5,0,0,0,0,0,0,0,0,1,guid:{55857b6a-c41f-6a44-8d01-000000000c00},{55857b6a-c41f-6a44-8d01-000000000c00},14880,labwin\jjstestal,-,fase4_suspicious_simulated,2026-07-01 09:39:11.815+02:00,2026-07-01 09:39:23.334+02:00,4,1,0,1,1,2,0,0,0,0,0,0,2,0,0,0,0,0,0,45
45,-0.038816367596303136,0.038816367596303136,background,,pickerhost.exe,C:\Windows\System32\PickerHost.exe,C:\Windows\System32\PickerHost.exe -Embedding,-,5,0,0,0,0,0,0,0,0,1,guid:{55857b6a-c488-6a44-9f01-000000000c00},{55857b6a-c488-6a44-9f01-000000000c00},14040,labwin\jjstestal,-,fase4_suspicious_simulated,2026-07-01 09:40:56.089+02:00,2026-07-01 09:41:05.823+02:00,4,1,0,1,1,2,0,0,0,0,0,0,2,0,0,0,0,0,0,45
46,-0.045167306993234124,0.045167306993234124,background,,sublime_text.exe,C:\Program Files\Sublime Text\sublime_text.exe,"""C:\Program Files\Sublime Text\sublime_text.exe"" ",C:\Windows\explorer.exe,4,0,0,0,0,0,0,0,0,1,guid:{55857b6a-c3fc-6a44-8701-000000000c00},{55857b6a-c3fc-6a44-8701-000000000c00},10320,labwin\jjstestal,explorer.exe,fase4_suspicious_simulated,2026-07-01 09:38:36.868+02:00,2026-07-01 09:40:46.487+02:00,3,1,0,0,1,2,0,0,0,0,0,0,2,0,0,0,0,0,0,49
47,-0.060143792783018235,0.060143792783018235,background,,widgetboard.exe,C:\Program Files\WindowsApps\MicrosoftWindows.Client.WebExperience_526.1202.40.0_x64__cw5n1h2txyewy\WidgetBoard.exe,,,6,0,0,0,0,0,0,0,0,1,guid:{55857b6a-c0f9-6a44-7d00-000000000c00},{55857b6a-c0f9-6a44-7d00-000000000c00},5856,labwin\jjstestal,,fase4_suspicious_simulated,2026-07-01 09:32:48.423+02:00,2026-07-01 09:32:48.434+02:00,1,0,0,0,0,6,0,0,0,0,0,0,6,0,0,0,0,0,0,0
48,-0.06278606597178465,0.06278606597178465,normal,N4,powershell.exe,C:\Windows\System32\WindowsPowerShell\v1.0\powershell.exe,"""C:\WINDOWS\System32\WindowsPowerShell\v1.0\powershell.exe"" -NoProfile -Command ""Get-Process | Select-Object -First 10""",C:\Windows\System32\WindowsPowerShell\v1.0\powershell.exe,5,0,0,0,0,1,1,0,0,4,guid:{55857b6a-e6e1-6a43-5104-000000000b00},{55857b6a-e6e1-6a43-5104-000000000b00},3768,labwin\jjstestal,powershell.exe,fase3_normal,2026-06-30 17:55:13.765+02:00,2026-06-30 17:55:14.523+02:00,3,1,0,1,0,3,0,0,0,0,0,0,3,0,0,0,1,1,0,119
49,-0.06278606597178465,0.06278606597178465,normal,N4,powershell.exe,C:\Windows\System32\WindowsPowerShell\v1.0\powershell.exe,"""C:\WINDOWS\System32\WindowsPowerShell\v1.0\powershell.exe"" -NoProfile -Command ""Get-Service | Select-Object -First 10""",C:\Windows\System32\WindowsPowerShell\v1.0\powershell.exe,5,0,0,0,0,1,1,0,0,4,guid:{55857b6a-e6e2-6a43-5204-000000000b00},{55857b6a-e6e2-6a43-5204-000000000b00},6516,labwin\jjstestal,powershell.exe,fase3_normal,2026-06-30 17:55:14.547+02:00,2026-06-30 17:55:15.249+02:00,3,1,0,1,0,3,0,0,0,0,0,0,3,0,0,0,1,1,0,119
50,-0.06710512232339333,0.06710512232339333,normal,,searchprotocolhost.exe,C:\Windows\System32\SearchProtocolHost.exe,"""C:\WINDOWS\System32\SearchProtocolHost.exe"" Global\UsGthrFltPipeMssGthrPipe13_ Global\UsGthrCtrlFltPipeMssGthrPipe13 1 -2147483646 ""Software\Microsoft\Windows Search"" ""Mozilla/4.0 (compatible; MSIE 6.0; Windows NT; MS Search 4.0 Robot)"" ""C:\ProgramData\Microsoft\Search\Data\Temp\usgthrsvc"" ""DownLevelDaemon"" ",C:\Windows\System32\SearchIndexer.exe,2,0,0,0,0,0,1,0,0,1,guid:{55857b6a-e626-6a43-3b04-000000000b00},{55857b6a-e626-6a43-3b04-000000000b00},13328,NT AUTHORITY\SYSTEM,searchindexer.exe,fase3_normal,2026-06-30 17:52:06.408+02:00,2026-06-30 17:54:53.582+02:00,2,1,0,1,0,0,0,0,0,0,0,0,0,0,0,0,0,0,0,310
51,-0.06920589058624232,0.06920589058624232,background,,searchprotocolhost.exe,C:\Windows\System32\SearchProtocolHost.exe,"""C:\WINDOWS\System32\SearchProtocolHost.exe"" Global\UsGthrFltPipeMssGthrPipe2_ Global\UsGthrCtrlFltPipeMssGthrPipe2 1 -2147483646 ""Software\Microsoft\Windows Search"" ""Mozilla/4.0 (compatible; MSIE 6.0; Windows NT; MS Search 4.0 Robot)"" ""C:\ProgramData\Microsoft\Search\Data\Temp\usgthrsvc"" ""DownLevelDaemon"" ",C:\Windows\System32\SearchIndexer.exe,2,0,0,0,0,0,1,0,0,1,guid:{55857b6a-c3a3-6a44-7e01-000000000c00},{55857b6a-c3a3-6a44-7e01-000000000c00},11224,NT AUTHORITY\SYSTEM,searchindexer.exe,fase4_suspicious_simulated,2026-07-01 09:37:07.225+02:00,2026-07-01 09:44:00.138+02:00,2,1,0,1,0,0,0,0,0,0,0,0,0,0,0,0,0,0,0,308
52,-0.0755164062798388,0.0755164062798388,suspicious_simulated,S3,reg.exe,C:\Windows\System32\reg.exe,"""C:\WINDOWS\system32\reg.exe"" add HKCU\Software\Microsoft\Windows\CurrentVersion\Run /v TFMTest /t REG_SZ /d C:\Windows\System32\notepad.exe /f",C:\Windows\System32\WindowsPowerShell\v1.0\powershell.exe,4,0,1,0,0,0,0,0,0,3,guid:{55857b6a-c2d6-6a44-5c01-000000000c00},{55857b6a-c2d6-6a44-5c01-000000000c00},9176,labwin\jjstestal,powershell.exe,fase4_suspicious_simulated,2026-07-01 09:33:42.269+02:00,2026-07-01 09:33:42.276+02:00,4,1,0,1,0,0,1,1,0,0,0,0,0,2,0,0,1,1,0,143
53,-0.0755164062798388,0.0755164062798388,suspicious_simulated,S3,reg.exe,C:\Windows\System32\reg.exe,"""C:\WINDOWS\system32\reg.exe"" add HKCU\Software\Microsoft\Windows\CurrentVersion\Run /v TFMTest /t REG_SZ /d C:\Windows\System32\notepad.exe /f",C:\Windows\System32\WindowsPowerShell\v1.0\powershell.exe,4,0,1,0,0,0,0,0,0,3,guid:{55857b6a-c334-6a44-6501-000000000c00},{55857b6a-c334-6a44-6501-000000000c00},15940,labwin\jjstestal,powershell.exe,fase4_suspicious_simulated,2026-07-01 09:35:16.547+02:00,2026-07-01 09:35:16.551+02:00,4,1,0,1,0,0,1,1,0,0,0,0,0,2,0,0,1,1,0,143
54,-0.0829834903460408,0.0829834903460408,background,S2,wermgr.exe,C:\Windows\System32\wermgr.exe,"""C:\WINDOWS\system32\wermgr.exe"" -upload",-,4,0,0,0,0,0,1,0,0,1,guid:{55857b6a-c2c5-6a44-3901-000000000c00},{55857b6a-c2c5-6a44-3901-000000000c00},5372,NT AUTHORITY\SYSTEM,-,fase4_suspicious_simulated,2026-07-01 09:33:25.319+02:00,2026-07-01 09:33:25.368+02:00,3,1,0,1,0,2,0,0,0,0,0,0,2,0,0,0,0,0,1,40
55,-0.09160641524893137,0.09160641524893137,background,S2,crashhelper.exe,C:\Program Files\Mozilla Firefox\crashhelper.exe,"""C:\Program Files\Mozilla Firefox\crashhelper.exe"" ""8916"" ""\\.\pipe\gecko-crash-server-pipe.8916"" ""C:\Users\JJSTES~1\AppData\Local\Temp\\"" ""784"" ""796"" ""812""",C:\Program Files\Mozilla Firefox\firefox.exe,2,0,0,0,0,0,1,0,0,2,guid:{55857b6a-c2c5-6a44-4501-000000000c00},{55857b6a-c2c5-6a44-4501-000000000c00},6404,labwin\jjstestal,firefox.exe,fase4_suspicious_simulated,2026-07-01 09:33:25.403+02:00,2026-07-01 09:33:36.781+02:00,2,1,0,1,0,0,0,0,0,0,0,0,0,0,0,1,0,0,1,156
56,-0.09655493366805801,0.09655493366805801,background,,taskhostw.exe,C:\Windows\System32\taskhostw.exe,taskhostw.exe,-,3,0,0,0,0,0,0,0,0,0,guid:{55857b6a-c303-6a44-6301-000000000c00},{55857b6a-c303-6a44-6301-000000000c00},2964,NT AUTHORITY\SYSTEM,-,fase4_suspicious_simulated,2026-07-01 09:34:27.946+02:00,2026-07-01 09:34:30.326+02:00,3,1,0,1,0,0,0,0,0,1,0,1,0,0,0,0,0,0,0,13
57,-0.09655493366805801,0.09655493366805801,background,,taskhostw.exe,C:\Windows\System32\taskhostw.exe,taskhostw.exe,-,3,0,0,0,0,0,0,0,0,0,guid:{55857b6a-c47d-6a44-9a01-000000000c00},{55857b6a-c47d-6a44-9a01-000000000c00},14608,NT AUTHORITY\SYSTEM,-,fase4_suspicious_simulated,2026-07-01 09:40:45.571+02:00,2026-07-01 09:40:48.121+02:00,3,1,0,1,0,0,0,0,0,1,0,1,0,0,0,0,0,0,0,13
58,-0.09781451700221672,0.09781451700221672,background,S2,svchost.exe,C:\Windows\System32\svchost.exe,C:\WINDOWS\System32\svchost.exe -k netsvcs -p -s BITS,-,3,0,0,0,0,0,0,0,0,0,guid:{55857b6a-c2c5-6a44-4b01-000000000c00},{55857b6a-c2c5-6a44-4b01-000000000c00},13360,NT AUTHORITY\SYSTEM,-,fase4_suspicious_simulated,2026-07-01 09:33:25.845+02:00,2026-07-01 09:35:30.071+02:00,3,1,0,1,0,0,0,0,0,1,0,1,0,0,0,0,0,0,0,53
59,-0.09914030844843696,0.09914030844843696,background,S2,svchost.exe,C:\Windows\System32\svchost.exe,C:\WINDOWS\System32\svchost.exe -k netsvcs -p -s PushToInstall,-,3,0,0,0,0,0,0,0,0,0,guid:{55857b6a-c2c5-6a44-4401-000000000c00},{55857b6a-c2c5-6a44-4401-000000000c00},8004,NT AUTHORITY\SYSTEM,-,fase4_suspicious_simulated,2026-07-01 09:33:25.367+02:00,2026-07-01 09:33:30.694+02:00,3,1,0,1,0,0,0,0,0,1,0,1,0,0,0,0,0,0,0,62
60,-0.10220390221808057,0.10220390221808057,background,,snippingtool.exe,C:\Program Files\WindowsApps\microsoft.screensketch_11.2510.31.0_x64__8wekyb3d8bbwe\SnippingTool\SnippingTool.exe,"""C:\Program Files\WindowsApps\Microsoft.ScreenSketch_11.2510.31.0_x64__8wekyb3d8bbwe\SnippingTool\SnippingTool.exe"" ",C:\Windows\explorer.exe,5,0,0,0,0,0,0,0,0,1,guid:{55857b6a-c412-6a44-8b01-000000000c00},{55857b6a-c412-6a44-8b01-000000000c00},3068,labwin\jjstestal,explorer.exe,fase4_suspicious_simulated,2026-07-01 09:38:58.531+02:00,2026-07-01 09:41:05.818+02:00,2,1,0,0,0,4,0,0,0,0,0,0,4,0,0,0,0,0,0,116
61,-0.10582860477598899,0.10582860477598899,suspicious_simulated,S3,reg.exe,C:\Windows\System32\reg.exe,"""C:\WINDOWS\system32\reg.exe"" delete HKCU\Software\Microsoft\Windows\CurrentVersion\Run /v TFMTest /f",C:\Windows\System32\WindowsPowerShell\v1.0\powershell.exe,3,0,1,0,0,0,0,0,0,3,guid:{55857b6a-c2d8-6a44-5d01-000000000c00},{55857b6a-c2d8-6a44-5d01-000000000c00},8008,labwin\jjstestal,powershell.exe,fase4_suspicious_simulated,2026-07-01 09:33:44.512+02:00,2026-07-01 09:33:44.517+02:00,3,1,0,1,0,0,1,0,0,0,0,0,0,1,0,0,1,1,0,101
62,-0.10582860477598899,0.10582860477598899,suspicious_simulated,S3,reg.exe,C:\Windows\System32\reg.exe,"""C:\WINDOWS\system32\reg.exe"" delete HKCU\Software\Microsoft\Windows\CurrentVersion\Run /v TFMTest /f",C:\Windows\System32\WindowsPowerShell\v1.0\powershell.exe,3,0,1,0,0,0,0,0,0,3,guid:{55857b6a-c336-6a44-6701-000000000c00},{55857b6a-c336-6a44-6701-000000000c00},12552,labwin\jjstestal,powershell.exe,fase4_suspicious_simulated,2026-07-01 09:35:18.600+02:00,2026-07-01 09:35:18.604+02:00,3,1,0,1,0,0,1,0,0,0,0,0,0,1,0,0,1,1,0,101
63,-0.10957545324513884,0.10957545324513884,normal,,explorer.exe,C:\WINDOWS\Explorer.EXE,,,2,0,0,0,0,0,0,0,0,1,guid:{55857b6a-a5aa-6a43-2001-000000000b00},{55857b6a-a5aa-6a43-2001-000000000b00},1744,labwin\jjstestal,,fase3_normal,2026-06-30 17:52:32.431+02:00,2026-06-30 17:52:32.437+02:00,1,0,0,0,0,2,0,0,0,0,0,0,2,0,0,0,0,0,0,0
64,-0.10957545324513884,0.10957545324513884,normal,,msedgewebview2.exe,C:\Program Files (x86)\Microsoft\EdgeWebView\Application\149.0.4022.98\msedgewebview2.exe,,,2,0,0,0,0,0,0,0,0,1,guid:{55857b6a-a5ae-6a43-5001-000000000b00},{55857b6a-a5ae-6a43-5001-000000000b00},8500,labwin\jjstestal,,fase3_normal,2026-06-30 17:56:20.499+02:00,2026-06-30 17:56:20.503+02:00,1,0,0,0,0,2,0,0,0,0,0,0,2,0,0,0,0,0,0,0
65,-0.11115845090518811,0.11115845090518811,suspicious_simulated,S5,sc.exe,C:\Windows\System32\sc.exe,"""C:\WINDOWS\system32\sc.exe"" create TFMTestService binPath= ""C:\Windows\System32\cmd.exe /c echo TFMTestService"" start= demand",C:\Windows\System32\WindowsPowerShell\v1.0\powershell.exe,2,0,0,0,1,0,0,0,0,4,guid:{55857b6a-c449-6a44-8e01-000000000c00},{55857b6a-c449-6a44-8e01-000000000c00},13548,labwin\jjstestal,powershell.exe,fase4_suspicious_simulated,2026-07-01 09:39:53.388+02:00,2026-07-01 09:39:53.397+02:00,2,1,0,1,0,0,0,0,0,0,0,0,0,0,0,0,1,1,0,126
66,-0.11130621952528064,0.11130621952528064,background,,crash_handler.exe,C:\Program Files\Sublime Text\crash_handler.exe,"""C:\Program Files\Sublime Text\crash_handler.exe"" --no-rate-limit ""--database=C:\Users\jjstestal\AppData\Local\Sublime Text\Crash Reports"" ""--metrics-dir=C:\Users\jjstestal\AppData\Local\Sublime Text\Crash Reports"" --url=https://crash-server.sublimehq.com/api/upload --annotation=hash=9153973254676204383 --annotation=ident=sublime_text_4200 --initial-client-data=0x340,0x344,0x348,0x31c,0x34c,0x7ff7837f4738,0x7ff7837f4744,0x7ff7837f4750",C:\Program Files\Sublime Text\sublime_text.exe,1,0,0,0,0,0,0,0,0,1,guid:{55857b6a-c3fc-6a44-8801-000000000c00},{55857b6a-c3fc-6a44-8801-000000000c00},7948,labwin\jjstestal,sublime_text.exe,fase4_suspicious_simulated,2026-07-01 09:38:36.940+02:00,2026-07-01 09:38:36.940+02:00,1,1,0,0,0,0,0,0,0,0,0,0,0,0,0,1,0,0,0,438
67,-0.11420882907187768,0.11420882907187768,normal,,snippingtool.exe,C:\Program Files\WindowsApps\Microsoft.ScreenSketch_11.2510.31.0_x64__8wekyb3d8bbwe\SnippingTool\SnippingTool.exe,,,1,0,0,0,0,0,0,0,0,0,guid:{55857b6a-e5bf-6a43-3504-000000000b00},{55857b6a-e5bf-6a43-3504-000000000b00},11720,labwin\jjstestal,,fase3_normal,2026-06-30 17:52:32.458+02:00,2026-06-30 17:52:32.458+02:00,1,0,0,0,0,1,0,0,0,0,0,0,1,0,0,0,0,0,0,0
68,-0.11637313281647332,0.11637313281647332,background,,plugin_host-3.8.exe,C:\Program Files\Sublime Text\plugin_host-3.8.exe,"""/C/Program Files/Sublime Text/plugin_host-3.8.exe"" 10320 ""/C/Program Files/Sublime Text/sublime_text.exe"" \\.\pipe\crashpad_10320_POIAYICSQZQSKOIJ false ""/C/Users/jjstestal/AppData/Roaming/Sublime Text"" ""/C/Users/jjstestal/AppData/Local/Sublime Text"" ""/C/Program Files/Sublime Text/Packages""",C:\Program Files\Sublime Text\sublime_text.exe,1,0,0,0,0,0,0,0,0,0,guid:{55857b6a-c3fd-6a44-8a01-000000000c00},{55857b6a-c3fd-6a44-8a01-000000000c00},11792,labwin\jjstestal,sublime_text.exe,fase4_suspicious_simulated,2026-07-01 09:38:37.566+02:00,2026-07-01 09:38:37.566+02:00,1,1,0,0,0,0,0,0,0,0,0,0,0,0,0,0,0,0,0,292
69,-0.11662375569801764,0.11662375569801764,background,S2,svchost.exe,C:\WINDOWS\system32\svchost.exe,,,1,0,0,0,0,0,0,0,0,1,guid:{55857b6a-c0f6-6a44-4500-000000000c00},{55857b6a-c0f6-6a44-4500-000000000c00},3452,NT AUTHORITY\SYSTEM,,fase4_suspicious_simulated,2026-07-01 09:33:25.387+02:00,2026-07-01 09:33:25.387+02:00,1,0,0,0,0,1,0,0,0,0,0,0,1,0,0,0,0,0,0,0
70,-0.11756162854342872,0.11756162854342872,background,,plugin_host-3.3.exe,C:\Program Files\Sublime Text\plugin_host-3.3.exe,"""/C/Program Files/Sublime Text/plugin_host-3.3.exe"" 10320 ""/C/Program Files/Sublime Text/sublime_text.exe"" \\.\pipe\crashpad_10320_POIAYICSQZQSKOIJ ""/C/Users/jjstestal/AppData/Roaming/Sublime Text"" ""/C/Users/jjstestal/AppData/Local/Sublime Text"" ""/C/Program Files/Sublime Text/Packages""",C:\Program Files\Sublime Text\sublime_text.exe,1,0,0,0,0,0,0,0,0,0,guid:{55857b6a-c3fd-6a44-8901-000000000c00},{55857b6a-c3fd-6a44-8901-000000000c00},13596,labwin\jjstestal,sublime_text.exe,fase4_suspicious_simulated,2026-07-01 09:38:37.523+02:00,2026-07-01 09:38:37.523+02:00,1,1,0,0,0,0,0,0,0,0,0,0,0,0,0,0,0,0,0,286
71,-0.12165213053738894,0.12165213053738894,suspicious_simulated,S5,sc.exe,C:\Windows\System32\sc.exe,"""C:\WINDOWS\system32\sc.exe"" delete TFMTestService",C:\Windows\System32\WindowsPowerShell\v1.0\powershell.exe,2,0,0,0,1,0,0,0,0,4,guid:{55857b6a-c44b-6a44-9001-000000000c00},{55857b6a-c44b-6a44-9001-000000000c00},12848,labwin\jjstestal,powershell.exe,fase4_suspicious_simulated,2026-07-01 09:39:55.452+02:00,2026-07-01 09:39:55.457+02:00,2,1,0,1,0,0,0,0,0,0,0,0,0,0,0,0,1,1,0,50
72,-0.1222067007630585,0.1222067007630585,suspicious_simulated,S5,sc.exe,C:\Windows\System32\sc.exe,"""C:\WINDOWS\system32\sc.exe"" query TFMTestService",C:\Windows\System32\WindowsPowerShell\v1.0\powershell.exe,2,0,0,0,1,0,0,0,0,4,guid:{55857b6a-c449-6a44-8f01-000000000c00},{55857b6a-c449-6a44-8f01-000000000c00},6544,labwin\jjstestal,powershell.exe,fase4_suspicious_simulated,2026-07-01 09:39:53.415+02:00,2026-07-01 09:39:53.419+02:00,2,1,0,1,0,0,0,0,0,0,0,0,0,0,0,0,1,1,0,49
73,-0.1232332114357555,0.1232332114357555,suspicious_simulated,S3,reg.exe,C:\Windows\System32\reg.exe,"""C:\WINDOWS\system32\reg.exe"" query HKCU\Software\Microsoft\Windows\CurrentVersion\Run",C:\Windows\System32\WindowsPowerShell\v1.0\powershell.exe,2,0,1,0,0,0,0,0,0,2,guid:{55857b6a-c334-6a44-6601-000000000c00},{55857b6a-c334-6a44-6601-000000000c00},6224,labwin\jjstestal,powershell.exe,fase4_suspicious_simulated,2026-07-01 09:35:16.579+02:00,2026-07-01 09:35:16.584+02:00,2,1,0,1,0,0,0,0,0,0,0,0,0,0,0,0,1,1,0,86
74,-0.12721480927544931,0.12721480927544931,normal,N3,cmd.exe,C:\Windows\System32\cmd.exe,"""C:\WINDOWS\system32\cmd.exe"" /c schtasks /query /fo LIST",C:\Windows\System32\WindowsPowerShell\v1.0\powershell.exe,2,0,0,0,0,0,0,0,0,2,guid:{55857b6a-e6c9-6a43-4e04-000000000b00},{55857b6a-e6c9-6a43-4e04-000000000b00},5572,labwin\jjstestal,powershell.exe,fase3_normal,2026-06-30 17:54:49.030+02:00,2026-06-30 17:54:49.671+02:00,2,1,0,1,0,0,0,0,0,0,0,0,0,0,0,0,1,1,0,57
75,-0.12845608373190925,0.12845608373190925,background,,snippingtool.exe,C:\Program Files\WindowsApps\microsoft.screensketch_11.2510.31.0_x64__8wekyb3d8bbwe\SnippingTool\SnippingTool.exe,"""C:\Program Files\WindowsApps\Microsoft.ScreenSketch_11.2510.31.0_x64__8wekyb3d8bbwe\SnippingTool\SnippingTool.exe"" ",C:\Windows\explorer.exe,5,0,0,0,0,0,0,0,0,1,guid:{55857b6a-c379-6a44-7c01-000000000c00},{55857b6a-c379-6a44-7c01-000000000c00},15852,labwin\jjstestal,explorer.exe,fase4_suspicious_simulated,2026-07-01 09:36:25.437+02:00,2026-07-01 09:37:46.614+02:00,3,1,0,1,0,3,0,0,0,0,0,0,3,0,0,0,0,0,0,116
76,-0.12991255147906416,0.12991255147906416,background,S2,rundll32.exe,C:\Windows\System32\rundll32.exe,"""C:\WINDOWS\system32\rundll32.exe"" C:\WINDOWS\system32\PcaSvc.dll,PcaPatchSdbTask",-,2,0,0,0,0,0,0,0,0,0,guid:{55857b6a-c2c5-6a44-4001-000000000c00},{55857b6a-c2c5-6a44-4001-000000000c00},6008,NT AUTHORITY\SYSTEM,-,fase4_suspicious_simulated,2026-07-01 09:33:25.333+02:00,2026-07-01 09:33:25.377+02:00,2,1,0,1,0,0,0,0,0,0,0,0,0,0,0,0,0,1,1,81
77,-0.13411147781854976,0.13411147781854976,background,S2,firefox.exe,C:\Program Files\Mozilla Firefox\firefox.exe,"""C:\Program Files\Mozilla Firefox\firefox.exe"" --MOZ_LOG sync,prependheader,timestamp,append,maxsize:1,Dump:5 --MOZ_LOG_FILE C:\ProgramData\Mozilla-1de4eec8-1241-4177-a864-e594e8d1fb38\updates\308046B0AF4A39CB\backgroundupdate.moz_log --backgroundtask backgroundupdate",-,2,0,0,0,0,0,0,0,0,0,guid:{55857b6a-c2c5-6a44-3a01-000000000c00},{55857b6a-c2c5-6a44-3a01-000000000c00},4532,labwin\jjstestal,-,fase4_suspicious_simulated,2026-07-01 09:33:25.321+02:00,2026-07-01 09:33:36.782+02:00,2,1,0,1,0,0,0,0,0,0,0,0,0,0,0,0,0,0,1,268
78,-0.1360728714540349,0.1360728714540349,normal,N1,calculatorapp.exe,C:\Program Files\WindowsApps\microsoft.windowscalculator_11.2508.4.0_x64__8wekyb3d8bbwe\CalculatorApp.exe,"""C:\Program Files\WindowsApps\Microsoft.WindowsCalculator_11.2508.4.0_x64__8wekyb3d8bbwe\CalculatorApp.exe""",C:\Windows\System32\sihost.exe,4,0,0,0,0,0,0,0,0,1,guid:{55857b6a-e684-6a43-4304-000000000b00},{55857b6a-e684-6a43-4304-000000000b00},13276,labwin\jjstestal,sihost.exe,fase3_normal,2026-06-30 17:53:40.246+02:00,2026-06-30 17:53:47.139+02:00,3,1,0,1,0,2,0,0,0,0,0,0,2,0,0,0,0,0,1,107
79,-0.1375318093836962,0.1375318093836962,background,S2,updater.exe,C:\Program Files\Mozilla Firefox\updater.exe,"""C:\Program Files\Mozilla Firefox\updater.exe"" 3 C:\ProgramData\Mozilla-1de4eec8-1241-4177-a864-e594e8d1fb38\updates\308046B0AF4A39CB\updates\0 ""C:\Program Files\Mozilla Firefox"" ""C:\Program Files\Mozilla Firefox\updated"" first -1",C:\Program Files\Mozilla Firefox\firefox.exe,2,0,0,0,0,0,0,0,0,0,guid:{55857b6a-c2ca-6a44-5701-000000000c00},{55857b6a-c2ca-6a44-5701-000000000c00},13692,labwin\jjstestal,firefox.exe,fase4_suspicious_simulated,2026-07-01 09:33:30.029+02:00,2026-07-01 09:33:34.041+02:00,2,1,0,1,0,0,0,0,0,0,0,0,0,0,0,0,0,0,1,230
80,-0.1375318093836962,0.1375318093836962,background,S2,updater.exe,C:\Program Files (x86)\Mozilla Maintenance Service\update\updater.exe,"""C:\Program Files\Mozilla Firefox\updater.exe"" 3 C:\ProgramData\Mozilla-1de4eec8-1241-4177-a864-e594e8d1fb38\updates\308046B0AF4A39CB\updates\0 ""C:\Program Files\Mozilla Firefox"" ""C:\Program Files\Mozilla Firefox\updated"" second -1",C:\Program Files (x86)\Mozilla Maintenance Service\maintenanceservice.exe,2,0,0,0,0,0,0,0,0,0,guid:{55857b6a-c2ca-6a44-5901-000000000c00},{55857b6a-c2ca-6a44-5901-000000000c00},11064,NT AUTHORITY\SYSTEM,maintenanceservice.exe,fase4_suspicious_simulated,2026-07-01 09:33:30.430+02:00,2026-07-01 09:33:33.943+02:00,2,1,0,1,0,0,0,0,0,0,0,0,0,0,0,0,0,0,1,231
81,-0.13965242188576954,0.13965242188576954,background,S2,devicecensus.exe,C:\Windows\System32\DeviceCensus.exe,"""C:\WINDOWS\system32\devicecensus.exe"" SystemCxt",-,4,0,0,0,0,0,0,0,0,1,guid:{55857b6a-c2c5-6a44-3c01-000000000c00},{55857b6a-c2c5-6a44-3c01-000000000c00},5840,NT AUTHORITY\SYSTEM,-,fase4_suspicious_simulated,2026-07-01 09:33:25.325+02:00,2026-07-01 09:33:27.243+02:00,3,1,0,1,0,2,0,0,0,0,0,0,2,0,0,0,0,0,1,48
82,-0.14509474313059367,0.14509474313059367,background,,sihost.exe,C:\WINDOWS\system32\sihost.exe,,,2,0,1,0,0,0,0,0,0,1,guid:{55857b6a-c0f8-6a44-6700-000000000c00},{55857b6a-c0f8-6a44-6700-000000000c00},5012,labwin\jjstestal,,fase4_suspicious_simulated,2026-07-01 09:33:52.284+02:00,2026-07-01 09:35:26.564+02:00,1,0,0,0,0,0,2,0,0,0,0,0,0,2,0,0,0,0,0,0
83,-0.14762157923377017,0.14762157923377017,normal,N1;N2,runtimebroker.exe,C:\Windows\System32\RuntimeBroker.exe,C:\Windows\System32\RuntimeBroker.exe -Embedding,C:\Windows\System32\svchost.exe,3,0,0,0,0,0,0,0,0,1,guid:{55857b6a-e684-6a43-4504-000000000b00},{55857b6a-e684-6a43-4504-000000000b00},7300,labwin\jjstestal,svchost.exe,fase3_normal,2026-06-30 17:53:40.584+02:00,2026-06-30 17:54:27.157+02:00,3,1,0,1,0,1,0,0,0,0,0,0,1,0,0,0,0,0,1,48
84,-0.14767788526921855,0.14767788526921855,background,,applicationframehost.exe,C:\Windows\System32\ApplicationFrameHost.exe,C:\WINDOWS\system32\ApplicationFrameHost.exe -Embedding,-,1,0,0,0,0,0,0,0,0,0,guid:{55857b6a-c301-6a44-5f01-000000000c00},{55857b6a-c301-6a44-5f01-000000000c00},15868,labwin\jjstestal,-,fase4_suspicious_simulated,2026-07-01 09:34:25.545+02:00,2026-07-01 09:34:25.545+02:00,1,1,0,0,0,0,0,0,0,0,0,0,0,0,0,0,0,0,1,55
85,-0.1494056306117721,0.1494056306117721,background,,wuaucltcore.exe,C:\Windows\UUS\amd64\wuaucltcore.exe,"""C:\WINDOWS\uus\AMD64\wuaucltcore.exe"" /DeploymentHandlerFullPath \\?\C:\Windows\UUS\AMD64\UpdateDeploy.dll /ClassId 6b314780-593e-4fc5-a9fb-c9e58d857c42 /RunHandlerComServer",C:\Windows\System32\svchost.exe,2,0,0,0,0,0,0,0,0,0,guid:{55857b6a-c35f-6a44-7901-000000000c00},{55857b6a-c35f-6a44-7901-000000000c00},11528,NT AUTHORITY\SYSTEM,svchost.exe,fase4_suspicious_simulated,2026-07-01 09:35:59.729+02:00,2026-07-01 09:36:05.068+02:00,2,1,0,1,0,0,0,0,0,0,0,0,0,0,0,0,0,0,1,174
86,-0.15002048687520841,0.15002048687520841,background,,plugin_host-3.8.exe,C:\Program Files\Sublime Text\plugin_host-3.8.exe,"""/C/Program Files/Sublime Text/plugin_host-3.8.exe"" 5380 ""/C/Program Files/Sublime Text/sublime_text.exe"" \\.\pipe\crashpad_5380_WSDLNIRFOUSNKTFP false ""/C/Users/jjstestal/AppData/Roaming/Sublime Text"" ""/C/Users/jjstestal/AppData/Local/Sublime Text"" ""/C/Program Files/Sublime Text/Packages""",C:\Program Files\Sublime Text\sublime_text.exe,2,0,0,0,0,0,0,0,0,0,guid:{55857b6a-c35d-6a44-7601-000000000c00},{55857b6a-c35d-6a44-7601-000000000c00},9108,labwin\jjstestal,sublime_text.exe,fase4_suspicious_simulated,2026-07-01 09:35:57.951+02:00,2026-07-01 09:37:39.671+02:00,2,1,0,1,0,0,0,0,0,0,0,0,0,0,0,0,0,0,0,290
87,-0.15070857987074754,0.15070857987074754,background,,crash_handler.exe,C:\Program Files\Sublime Text\crash_handler.exe,"""C:\Program Files\Sublime Text\crash_handler.exe"" --no-rate-limit ""--database=C:\Users\jjstestal\AppData\Local\Sublime Text\Crash Reports"" ""--metrics-dir=C:\Users\jjstestal\AppData\Local\Sublime Text\Crash Reports"" --url=https://crash-server.sublimehq.com/api/upload --annotation=hash=9153973254676204383 --annotation=ident=sublime_text_4200 --initial-client-data=0x324,0x328,0x32c,0x300,0x330,0x7ff7837f4738,0x7ff7837f4744,0x7ff7837f4750",C:\Program Files\Sublime Text\sublime_text.exe,2,0,0,0,0,0,0,0,0,1,guid:{55857b6a-c35d-6a44-7401-000000000c00},{55857b6a-c35d-6a44-7401-000000000c00},16156,labwin\jjstestal,sublime_text.exe,fase4_suspicious_simulated,2026-07-01 09:35:57.668+02:00,2026-07-01 09:37:39.741+02:00,2,1,0,1,0,0,0,0,0,0,0,0,0,0,0,1,0,0,0,438
88,-0.1525506563608024,0.1525506563608024,background,,plugin_host-3.3.exe,C:\Program Files\Sublime Text\plugin_host-3.3.exe,"""/C/Program Files/Sublime Text/plugin_host-3.3.exe"" 5380 ""/C/Program Files/Sublime Text/sublime_text.exe"" \\.\pipe\crashpad_5380_WSDLNIRFOUSNKTFP ""/C/Users/jjstestal/AppData/Roaming/Sublime Text"" ""/C/Users/jjstestal/AppData/Local/Sublime Text"" ""/C/Program Files/Sublime Text/Packages""",C:\Program Files\Sublime Text\sublime_text.exe,2,0,0,0,0,0,0,0,0,0,guid:{55857b6a-c35d-6a44-7501-000000000c00},{55857b6a-c35d-6a44-7501-000000000c00},7268,labwin\jjstestal,sublime_text.exe,fase4_suspicious_simulated,2026-07-01 09:35:57.949+02:00,2026-07-01 09:37:39.670+02:00,2,1,0,1,0,0,0,0,0,0,0,0,0,0,0,0,0,0,0,284
89,-0.15266624439370963,0.15266624439370963,background,S2,sc.exe,C:\Windows\System32\sc.exe,"""C:\WINDOWS\system32\sc.exe"" start pushtoinstall registration",-,2,0,0,0,1,0,0,0,0,1,guid:{55857b6a-c2c5-6a44-3f01-000000000c00},{55857b6a-c2c5-6a44-3f01-000000000c00},6056,NT AUTHORITY\SYSTEM,-,fase4_suspicious_simulated,2026-07-01 09:33:25.333+02:00,2026-07-01 09:33:25.382+02:00,2,1,0,1,0,0,0,0,0,0,0,0,0,0,0,0,0,1,1,61
90,-0.16018213465376357,0.16018213465376357,background,S1;S2,wmiprvse.exe,C:\Windows\System32\wbem\WmiPrvSE.exe,C:\WINDOWS\system32\wbem\wmiprvse.exe -secured -Embedding,-,3,0,0,0,0,0,0,0,0,1,guid:{55857b6a-c294-6a44-3701-000000000c00},{55857b6a-c294-6a44-3701-000000000c00},4544,NT AUTHORITY\Servicio de red,-,fase4_suspicious_simulated,2026-07-01 09:32:36.997+02:00,2026-07-01 09:34:55.969+02:00,3,1,0,1,0,1,0,0,0,0,0,0,1,0,0,0,0,0,0,57
91,-0.16148386455727132,0.16148386455727132,background,S2,audiodg.exe,C:\Windows\System32\audiodg.exe,,,1,0,0,0,0,0,0,0,0,0,guid:{55857b6a-c0f6-6a44-3800-000000000c00},{55857b6a-c0f6-6a44-3800-000000000c00},2940,NT AUTHORITY\SERVICIO LOCAL,,fase4_suspicious_simulated,2026-07-01 09:33:27.037+02:00,2026-07-01 09:33:27.037+02:00,1,0,0,1,0,0,0,0,0,0,0,0,0,0,0,0,0,0,1,0
92,-0.1658244697684615,0.1658244697684615,normal,N3,cmd.exe,C:\Windows\System32\cmd.exe,"""C:\WINDOWS\system32\cmd.exe"" /c ipconfig /all",C:\Windows\System32\WindowsPowerShell\v1.0\powershell.exe,2,0,0,0,0,0,0,0,0,1,guid:{55857b6a-e6c8-6a43-4904-000000000b00},{55857b6a-e6c8-6a43-4904-000000000b00},4268,labwin\jjstestal,powershell.exe,fase3_normal,2026-06-30 17:54:48.850+02:00,2026-06-30 17:54:48.876+02:00,2,1,0,1,0,0,0,0,0,0,0,0,0,0,0,0,1,1,0,46
93,-0.16760956682187939,0.16760956682187939,normal,N3,cmd.exe,C:\Windows\System32\cmd.exe,"""C:\WINDOWS\system32\cmd.exe"" /c whoami",C:\Windows\System32\WindowsPowerShell\v1.0\powershell.exe,2,0,0,0,0,0,0,0,0,1,guid:{55857b6a-e6c8-6a43-4704-000000000b00},{55857b6a-e6c8-6a43-4704-000000000b00},12380,labwin\jjstestal,powershell.exe,fase3_normal,2026-06-30 17:54:48.808+02:00,2026-06-30 17:54:48.833+02:00,2,1,0,1,0,0,0,0,0,0,0,0,0,0,0,0,1,1,0,39
94,-0.17035792271141748,0.17035792271141748,normal,N3,cmd.exe,C:\Windows\System32\cmd.exe,"""C:\WINDOWS\system32\cmd.exe"" /c tasklist",C:\Windows\System32\WindowsPowerShell\v1.0\powershell.exe,2,0,0,0,0,0,0,0,0,1,guid:{55857b6a-e6c8-6a43-4b04-000000000b00},{55857b6a-e6c8-6a43-4b04-000000000b00},3680,labwin\jjstestal,powershell.exe,fase3_normal,2026-06-30 17:54:48.891+02:00,2026-06-30 17:54:49.014+02:00,2,1,0,1,0,0,0,0,0,0,0,0,0,0,0,0,1,1,0,41
95,-0.17069199603581398,0.17069199603581398,background,,sppsvc.exe,C:\Windows\System32\sppsvc.exe,C:\WINDOWS\system32\sppsvc.exe,-,1,0,0,0,0,0,0,0,0,0,guid:{55857b6a-c547-6a44-a301-000000000c00},{55857b6a-c547-6a44-a301-000000000c00},14848,NT AUTHORITY\Servicio de red,-,fase4_suspicious_simulated,2026-07-01 09:44:07.868+02:00,2026-07-01 09:44:07.868+02:00,1,1,0,0,0,0,0,0,0,0,0,0,0,0,0,0,0,0,0,30
96,-0.1713207147212536,0.1713207147212536,background,,svchost.exe,C:\Windows\System32\svchost.exe,C:\WINDOWS\System32\svchost.exe -k netsvcs,-,1,0,0,0,0,0,0,0,0,0,guid:{55857b6a-c303-6a44-6201-000000000c00},{55857b6a-c303-6a44-6201-000000000c00},14380,NT AUTHORITY\SYSTEM,-,fase4_suspicious_simulated,2026-07-01 09:34:27.043+02:00,2026-07-01 09:34:27.043+02:00,1,1,0,0,0,0,0,0,0,0,0,0,0,0,0,0,0,0,0,42
97,-0.1713207147212536,0.1713207147212536,background,,svchost.exe,C:\Windows\System32\svchost.exe,C:\WINDOWS\system32\svchost.exe -k GPSvcGroup,-,1,0,0,0,0,0,0,0,0,0,guid:{55857b6a-c35a-6a44-7101-000000000c00},{55857b6a-c35a-6a44-7101-000000000c00},10548,NT AUTHORITY\SYSTEM,-,fase4_suspicious_simulated,2026-07-01 09:35:54.099+02:00,2026-07-01 09:35:54.099+02:00,1,1,0,0,0,0,0,0,0,0,0,0,0,0,0,0,0,0,0,45
98,-0.17154344839485852,0.17154344839485852,background,S2,svchost.exe,C:\Windows\System32\svchost.exe,C:\WINDOWS\system32\svchost.exe -k WuqiSvcGroup -p -s wuqisvc,-,1,0,0,0,0,0,0,0,0,0,guid:{55857b6a-c2c7-6a44-5401-000000000c00},{55857b6a-c2c7-6a44-5401-000000000c00},15628,NT AUTHORITY\SERVICIO LOCAL,-,fase4_suspicious_simulated,2026-07-01 09:33:27.515+02:00,2026-07-01 09:33:27.515+02:00,1,1,0,0,0,0,0,0,0,0,0,0,0,0,0,0,0,0,0,61
99,-0.17154344839485852,0.17154344839485852,background,,svchost.exe,C:\Windows\System32\svchost.exe,C:\WINDOWS\system32\svchost.exe -k LocalService -p -s SstpSvc,-,1,0,0,0,0,0,0,0,0,0,guid:{55857b6a-c302-6a44-6001-000000000c00},{55857b6a-c302-6a44-6001-000000000c00},16188,NT AUTHORITY\SERVICIO LOCAL,-,fase4_suspicious_simulated,2026-07-01 09:34:26.012+02:00,2026-07-01 09:34:26.012+02:00,1,1,0,0,0,0,0,0,0,0,0,0,0,0,0,0,0,0,0,61
100,-0.1715665163133137,0.1715665163133137,background,,runtimebroker.exe,C:\Windows\System32\RuntimeBroker.exe,C:\Windows\System32\RuntimeBroker.exe -Embedding,-,1,0,0,0,0,0,0,0,0,0,guid:{55857b6a-c47a-6a44-9501-000000000c00},{55857b6a-c47a-6a44-9501-000000000c00},15280,labwin\jjstestal,-,fase4_suspicious_simulated,2026-07-01 09:40:42.469+02:00,2026-07-01 09:40:42.469+02:00,1,1,0,0,0,0,0,0,0,0,0,0,0,0,0,0,0,0,0,48
101,-0.17378342972486682,0.17378342972486682,normal,N1,explorer.exe,C:\Windows\explorer.exe,"""C:\WINDOWS\explorer.exe"" ",C:\Windows\System32\WindowsPowerShell\v1.0\powershell.exe,2,0,0,0,0,0,0,0,0,1,guid:{55857b6a-e689-6a43-4604-000000000b00},{55857b6a-e689-6a43-4604-000000000b00},10752,labwin\jjstestal,powershell.exe,fase3_normal,2026-06-30 17:53:45.217+02:00,2026-06-30 17:53:45.273+02:00,2,1,0,1,0,0,0,0,0,0,0,0,0,0,0,0,1,0,1,26
102,-0.1752916513271146,0.1752916513271146,normal,N1,notepad.exe,C:\Program Files\WindowsApps\microsoft.windowsnotepad_11.2510.14.0_x64__8wekyb3d8bbwe\Notepad\Notepad.exe,"""C:\WINDOWS\system32\notepad.exe"" ",C:\Windows\System32\WindowsPowerShell\v1.0\powershell.exe,2,0,0,0,0,0,0,0,0,1,guid:{55857b6a-e67f-6a43-4004-000000000b00},{55857b6a-e67f-6a43-4004-000000000b00},4072,labwin\jjstestal,powershell.exe,fase3_normal,2026-06-30 17:53:35.111+02:00,2026-06-30 17:53:38.910+02:00,2,1,0,1,0,0,0,0,0,0,0,0,0,0,0,0,1,0,1,34
103,-0.17552925329620556,0.17552925329620556,background,S2,monotificationux.exe,C:\Windows\UUS\amd64\MoNotificationUx.exe,C:\WINDOWS\uus\AMD64\MoNotificationUx.exe /ClearActiveNotifications /CV XieKT2R3lUGGuSGJ.1.0.0,C:\Windows\UUS\amd64\MoUsoCoreWorker.exe,2,0,0,0,0,0,0,0,0,0,guid:{55857b6a-c2c6-6a44-4e01-000000000c00},{55857b6a-c2c6-6a44-4e01-000000000c00},13144,labwin\jjstestal,mousocoreworker.exe,fase4_suspicious_simulated,2026-07-01 09:33:26.063+02:00,2026-07-01 09:33:26.110+02:00,2,1,0,1,0,0,0,0,0,0,0,0,0,0,0,0,0,0,1,94
104,-0.1780091029951642,0.1780091029951642,background,,am_delta_patch_1.453.359.0.exe,C:\Windows\SoftwareDistribution\Download\Install\AM_Delta_Patch_1.453.359.0.exe,"""C:\WINDOWS\SoftwareDistribution\Download\Install\AM_Delta_Patch_1.453.359.0.exe"" WD /q",C:\Windows\UUS\amd64\wuaucltcore.exe,2,0,0,0,0,0,0,0,0,0,guid:{55857b6a-c35f-6a44-7a01-000000000c00},{55857b6a-c35f-6a44-7a01-000000000c00},1356,NT AUTHORITY\SYSTEM,wuaucltcore.exe,fase4_suspicious_simulated,2026-07-01 09:35:59.769+02:00,2026-07-01 09:36:05.056+02:00,2,1,0,1,0,0,0,0,0,0,0,0,0,0,0,0,0,0,1,87
105,-0.17830305235525318,0.17830305235525318,normal,N1,calc.exe,C:\Windows\System32\calc.exe,"""C:\WINDOWS\system32\calc.exe"" ",C:\Windows\System32\WindowsPowerShell\v1.0\powershell.exe,2,0,0,0,0,0,0,0,0,1,guid:{55857b6a-e684-6a43-4204-000000000b00},{55857b6a-e684-6a43-4204-000000000b00},1504,labwin\jjstestal,powershell.exe,fase3_normal,2026-06-30 17:53:40.173+02:00,2026-06-30 17:53:40.467+02:00,2,1,0,1,0,0,0,0,0,0,0,0,0,0,0,0,1,0,1,31
106,-0.17872204772068795,0.17872204772068795,background,,dllhost.exe,C:\Windows\System32\dllhost.exe,C:\WINDOWS\system32\DllHost.exe /Processid:{AB8902B4-09CA-4BB6-B78D-A8F59079A8D5},-,2,0,0,0,0,0,0,0,0,0,guid:{55857b6a-c3a8-6a44-8201-000000000c00},{55857b6a-c3a8-6a44-8201-000000000c00},6756,labwin\jjstestal,-,fase4_suspicious_simulated,2026-07-01 09:37:12.947+02:00,2026-07-01 09:37:18.001+02:00,2,1,0,1,0,0,0,0,0,0,0,0,0,0,0,0,0,0,1,81
107,-0.17872204772068795,0.17872204772068795,normal,N1,dllhost.exe,C:\Windows\System32\dllhost.exe,C:\WINDOWS\system32\DllHost.exe /Processid:{AB8902B4-09CA-4BB6-B78D-A8F59079A8D5},C:\Windows\System32\svchost.exe,2,0,0,0,0,0,0,0,0,0,guid:{55857b6a-e684-6a43-4404-000000000b00},{55857b6a-e684-6a43-4404-000000000b00},2128,labwin\jjstestal,svchost.exe,fase3_normal,2026-06-30 17:53:40.294+02:00,2026-06-30 17:53:51.105+02:00,2,1,0,1,0,0,0,0,0,0,0,0,0,0,0,0,0,0,1,81
108,-0.17916271266654799,0.17916271266654799,background,S2,microsoft.data.usageandqualityinsights.maintenancetask.exe,C:\Windows\System32\Microsoft.Data.UsageAndQualityInsights.MaintenanceTask.exe,"""C:\WINDOWS\System32\Microsoft.Data.UsageAndQualityInsights.MaintenanceTask.exe""",-,2,0,0,0,0,0,0,0,0,0,guid:{55857b6a-c2c5-6a44-3e01-000000000c00},{55857b6a-c2c5-6a44-3e01-000000000c00},6052,NT AUTHORITY\SYSTEM,-,fase4_suspicious_simulated,2026-07-01 09:33:25.328+02:00,2026-07-01 09:33:25.340+02:00,2,1,0,1,0,0,0,0,0,0,0,0,0,0,0,0,0,0,1,80
109,-0.18160746164084984,0.18160746164084984,background,,wevtutil.exe,C:\Windows\System32\wevtutil.exe,"""C:\WINDOWS\system32\wevtutil.exe"" cl Microsoft-Windows-PowerShell/Operational",C:\Windows\System32\WindowsPowerShell\v1.0\powershell.exe,2,0,0,0,0,0,0,0,0,1,guid:{55857b6a-c237-6a44-3501-000000000c00},{55857b6a-c237-6a44-3501-000000000c00},11772,labwin\jjstestal,powershell.exe,fase4_suspicious_simulated,2026-07-01 09:31:03.776+02:00,2026-07-01 09:31:03.783+02:00,2,1,0,1,0,0,0,0,0,0,0,0,0,0,0,0,1,0,0,78
110,-0.18208241961884414,0.18208241961884414,background,S2,uieorchestratorstub.exe,C:\Windows\System32\UIEOrchestratorStub.exe,"""C:\WINDOWS\system32\UIEOrchestratorStub.exe"" /SendHeartbeat",-,2,0,0,0,0,0,0,0,0,0,guid:{55857b6a-c2c5-6a44-3b01-000000000c00},{55857b6a-c2c5-6a44-3b01-000000000c00},7612,NT AUTHORITY\SYSTEM,-,fase4_suspicious_simulated,2026-07-01 09:33:25.323+02:00,2026-07-01 09:33:25.964+02:00,2,1,0,1,0,0,0,0,0,0,0,0,0,0,0,0,0,0,1,60
111,-0.18220127515934548,0.18220127515934548,background,,svchost.exe,C:\Windows\System32\svchost.exe,,,1,0,0,0,0,0,0,0,0,0,guid:{55857b6a-c0f5-6a44-1400-000000000c00},{55857b6a-c0f5-6a44-1400-000000000c00},1304,NT AUTHORITY\SYSTEM,,fase4_suspicious_simulated,2026-07-01 09:35:42.460+02:00,2026-07-01 09:35:42.460+02:00,1,0,0,1,0,0,0,0,0,0,0,0,0,0,0,0,0,0,0,0
112,-0.18220127515934548,0.18220127515934548,background,,svchost.exe,C:\Windows\System32\svchost.exe,,,1,0,0,0,0,0,0,0,0,0,guid:{55857b6a-c0fe-6a44-9f00-000000000c00},{55857b6a-c0fe-6a44-9f00-000000000c00},5024,NT AUTHORITY\SYSTEM,,fase4_suspicious_simulated,2026-07-01 09:32:08.085+02:00,2026-07-01 09:32:08.085+02:00,1,0,0,1,0,0,0,0,0,0,0,0,0,0,0,0,0,0,0,0
113,-0.18220127515934548,0.18220127515934548,background,,smartscreen.exe,C:\Windows\System32\smartscreen.exe,,,1,0,0,0,0,0,0,0,0,0,guid:{55857b6a-c101-6a44-a500-000000000c00},{55857b6a-c101-6a44-a500-000000000c00},8656,labwin\jjstestal,,fase4_suspicious_simulated,2026-07-01 09:43:37.879+02:00,2026-07-01 09:43:37.879+02:00,1,0,0,1,0,0,0,0,0,0,0,0,0,0,0,0,0,0,0,0
114,-0.18220127515934548,0.18220127515934548,background,,taskhostw.exe,C:\Windows\System32\taskhostw.exe,,,1,0,0,0,0,0,0,0,0,0,guid:{55857b6a-c135-6a44-e600-000000000c00},{55857b6a-c135-6a44-e600-000000000c00},15716,labwin\jjstestal,,fase4_suspicious_simulated,2026-07-01 09:40:45.405+02:00,2026-07-01 09:40:45.405+02:00,1,0,0,1,0,0,0,0,0,0,0,0,0,0,0,0,0,0,0,0
115,-0.18220127515934548,0.18220127515934548,normal,N5,smartscreen.exe,C:\Windows\System32\smartscreen.exe,,,1,0,0,0,0,0,0,0,0,0,guid:{55857b6a-e498-6a43-0904-000000000b00},{55857b6a-e498-6a43-0904-000000000b00},636,labwin\jjstestal,,fase3_normal,2026-06-30 17:55:30.571+02:00,2026-06-30 17:55:30.571+02:00,1,0,0,1,0,0,0,0,0,0,0,0,0,0,0,0,0,0,0,0
116,-0.18220127515934548,0.18220127515934548,normal,,svchost.exe,C:\Windows\System32\svchost.exe,,,1,0,0,0,0,0,0,0,0,0,guid:{55857b6a-e4c6-6a43-1204-000000000b00},{55857b6a-e4c6-6a43-1204-000000000b00},13796,NT AUTHORITY\SYSTEM,,fase3_normal,2026-06-30 17:57:14.903+02:00,2026-06-30 17:57:14.903+02:00,1,0,0,1,0,0,0,0,0,0,0,0,0,0,0,0,0,0,0,0
117,-0.18220127515934548,0.18220127515934548,normal,,wmiprvse.exe,C:\Windows\System32\wbem\WmiPrvSE.exe,,,1,0,0,0,0,0,0,0,0,0,guid:{55857b6a-e599-6a43-2f04-000000000b00},{55857b6a-e599-6a43-2f04-000000000b00},7460,NT AUTHORITY\SERVICIO LOCAL,,fase3_normal,2026-06-30 17:52:27.291+02:00,2026-06-30 17:52:27.291+02:00,1,0,0,1,0,0,0,0,0,0,0,0,0,0,0,0,0,0,0,0
118,-0.18220127515934548,0.18220127515934548,normal,,svchost.exe,C:\Windows\System32\svchost.exe,,,1,0,0,0,0,0,0,0,0,0,guid:{55857b6a-e599-6a43-3004-000000000b00},{55857b6a-e599-6a43-3004-000000000b00},14116,NT AUTHORITY\SYSTEM,,fase3_normal,2026-06-30 17:51:48.210+02:00,2026-06-30 17:51:48.210+02:00,1,0,0,1,0,0,0,0,0,0,0,0,0,0,0,0,0,0,0,0
119,-0.18220127515934548,0.18220127515934548,normal,,svchost.exe,C:\Windows\System32\svchost.exe,,,1,0,0,0,0,0,0,0,0,0,guid:{55857b6a-e5bc-6a43-3404-000000000b00},{55857b6a-e5bc-6a43-3404-000000000b00},9692,NT AUTHORITY\SYSTEM,,fase3_normal,2026-06-30 17:54:20.171+02:00,2026-06-30 17:54:20.171+02:00,1,0,0,1,0,0,0,0,0,0,0,0,0,0,0,0,0,0,0,0
120,-0.18237019372955238,0.18237019372955238,background,,wevtutil.exe,C:\Windows\System32\wevtutil.exe,"""C:\WINDOWS\system32\wevtutil.exe"" cl Microsoft-Windows-Sysmon/Operational",C:\Windows\System32\WindowsPowerShell\v1.0\powershell.exe,2,0,0,0,0,0,0,0,0,1,guid:{55857b6a-c237-6a44-3401-000000000c00},{55857b6a-c237-6a44-3401-000000000c00},11708,labwin\jjstestal,powershell.exe,fase4_suspicious_simulated,2026-07-01 09:31:03.136+02:00,2026-07-01 09:31:03.146+02:00,2,1,0,1,0,0,0,0,0,0,0,0,0,0,0,0,1,0,0,74
121,-0.18237019372955238,0.18237019372955238,normal,,wevtutil.exe,C:\Windows\System32\wevtutil.exe,"""C:\WINDOWS\system32\wevtutil.exe"" cl Microsoft-Windows-Sysmon/Operational",C:\Windows\System32\WindowsPowerShell\v1.0\powershell.exe,2,0,0,0,0,0,0,0,0,1,guid:{55857b6a-e613-6a43-3904-000000000b00},{55857b6a-e613-6a43-3904-000000000b00},14280,labwin\jjstestal,powershell.exe,fase3_normal,2026-06-30 17:51:47.813+02:00,2026-06-30 17:51:47.827+02:00,2,1,0,1,0,0,0,0,0,0,0,0,0,0,0,0,1,0,0,74
122,-0.18463797650134822,0.18463797650134822,background,S2,uieorchestrator.exe,C:\Windows\UUS\amd64\UIEOrchestrator.exe,/SendHeartbeat,C:\Windows\System32\UIEOrchestratorStub.exe,2,0,0,0,0,0,0,0,0,0,guid:{55857b6a-c2c5-6a44-4301-000000000c00},{55857b6a-c2c5-6a44-4301-000000000c00},6852,NT AUTHORITY\SYSTEM,uieorchestratorstub.exe,fase4_suspicious_simulated,2026-07-01 09:33:25.347+02:00,2026-07-01 09:33:25.962+02:00,2,1,0,1,0,0,0,0,0,0,0,0,0,0,0,0,0,0,1,14
123,-0.18489869542157156,0.18489869542157156,background,S2,wsqmcons.exe,C:\Windows\System32\wsqmcons.exe,"""C:\WINDOWS\System32\wsqmcons.exe""",-,2,0,0,0,0,0,0,0,0,0,guid:{55857b6a-c2c5-6a44-3d01-000000000c00},{55857b6a-c2c5-6a44-3d01-000000000c00},6096,NT AUTHORITY\SYSTEM,-,fase4_suspicious_simulated,2026-07-01 09:33:25.327+02:00,2026-07-01 09:33:25.334+02:00,2,1,0,1,0,0,0,0,0,0,0,0,0,0,0,0,0,0,1,34
124,-0.19611094161879372,0.19611094161879372,background,S2,tiworker.exe,C:\Windows\WinSxS\amd64_microsoft-windows-servicingstack_31bf3856ad364e35_10.0.26100.8648_none_a50ef8e3775e8e5e\TiWorker.exe,C:\WINDOWS\winsxs\amd64_microsoft-windows-servicingstack_31bf3856ad364e35_10.0.26100.8648_none_a50ef8e3775e8e5e\TiWorker.exe -Embedding,-,2,0,0,0,0,0,0,0,0,0,guid:{55857b6a-c2c8-6a44-5601-000000000c00},{55857b6a-c2c8-6a44-5601-000000000c00},856,NT AUTHORITY\SYSTEM,-,fase4_suspicious_simulated,2026-07-01 09:33:28.623+02:00,2026-07-01 09:35:31.092+02:00,2,1,0,1,0,0,0,0,0,0,0,0,0,0,0,0,0,0,0,135
125,-0.19611094161879372,0.19611094161879372,background,,mpcmdrun.exe,C:\ProgramData\Microsoft\Windows Defender\Platform\4.18.26050.15-0\MpCmdRun.exe,"""C:\ProgramData\Microsoft\Windows Defender\Platform\4.18.26050.15-0\MpCmdRun.exe"" SignaturesUpdateService -ScheduleJob -UnmanagedUpdate",-,2,0,0,0,0,0,0,0,0,0,guid:{55857b6a-c354-6a44-6b01-000000000c00},{55857b6a-c354-6a44-6b01-000000000c00},12632,NT AUTHORITY\SYSTEM,-,fase4_suspicious_simulated,2026-07-01 09:35:48.930+02:00,2026-07-01 09:36:05.077+02:00,2,1,0,1,0,0,0,0,0,0,0,0,0,0,0,0,0,0,0,135
126,-0.19611094161879372,0.19611094161879372,background,,tiworker.exe,C:\Windows\WinSxS\amd64_microsoft-windows-servicingstack_31bf3856ad364e35_10.0.26100.8648_none_a50ef8e3775e8e5e\TiWorker.exe,C:\WINDOWS\winsxs\amd64_microsoft-windows-servicingstack_31bf3856ad364e35_10.0.26100.8648_none_a50ef8e3775e8e5e\TiWorker.exe -Embedding,-,2,0,0,0,0,0,0,0,0,0,guid:{55857b6a-c47e-6a44-9d01-000000000c00},{55857b6a-c47e-6a44-9d01-000000000c00},12932,NT AUTHORITY\SYSTEM,-,fase4_suspicious_simulated,2026-07-01 09:40:46.077+02:00,2026-07-01 09:42:47.699+02:00,2,1,0,1,0,0,0,0,0,0,0,0,0,0,0,0,0,0,0,135
127,-0.19929293398007214,0.19929293398007214,background,,mpcmdrun.exe,C:\ProgramData\Microsoft\Windows Defender\Platform\4.18.26050.15-0\MpCmdRun.exe,"""C:\ProgramData\Microsoft\Windows Defender\Platform\4.18.26050.15-0\MpCmdRun.exe"" SignatureUpdate -ScheduleJob -RestrictPrivileges",-,2,0,0,0,0,0,0,0,0,0,guid:{55857b6a-c354-6a44-6901-000000000c00},{55857b6a-c354-6a44-6901-000000000c00},1064,NT AUTHORITY\SYSTEM,-,fase4_suspicious_simulated,2026-07-01 09:35:48.883+02:00,2026-07-01 09:36:05.092+02:00,2,1,0,1,0,0,0,0,0,0,0,0,0,0,0,0,0,0,0,130
128,-0.19929293398007214,0.19929293398007214,background,,securityhealthhost.exe,C:\Windows\System32\SecurityHealth\10.0.29554.1001-0\SecurityHealthHost.exe,\\?\C:\Windows\System32\SecurityHealth\10.0.29554.1001-0\SecurityHealthHost.exe {08728914-3F57-4D52-9E31-49DAECA5A80A} -Embedding,-,2,0,0,0,0,0,0,0,0,0,guid:{55857b6a-c35a-6a44-6f01-000000000c00},{55857b6a-c35a-6a44-6f01-000000000c00},11648,labwin\jjstestal,-,fase4_suspicious_simulated,2026-07-01 09:35:54.059+02:00,2026-07-01 09:35:54.087+02:00,2,1,0,1,0,0,0,0,0,0,0,0,0,0,0,0,0,0,0,129
129,-0.19929293398007214,0.19929293398007214,background,,securityhealthhost.exe,C:\Windows\System32\SecurityHealth\10.0.29554.1001-0\SecurityHealthHost.exe,\\?\C:\Windows\System32\SecurityHealth\10.0.29554.1001-0\SecurityHealthHost.exe {08728914-3F57-4D52-9E31-49DAECA5A80A} -Embedding,-,2,0,0,0,0,0,0,0,0,0,guid:{55857b6a-c35a-6a44-7001-000000000c00},{55857b6a-c35a-6a44-7001-000000000c00},9088,labwin\jjstestal,-,fase4_suspicious_simulated,2026-07-01 09:35:54.088+02:00,2026-07-01 09:35:54.106+02:00,2,1,0,1,0,0,0,0,0,0,0,0,0,0,0,0,0,0,0,129
130,-0.20735992386709928,0.20735992386709928,normal,N3,whoami.exe,C:\Windows\System32\whoami.exe,whoami,C:\Windows\System32\cmd.exe,2,0,0,0,0,0,0,0,0,1,guid:{55857b6a-e6c8-6a43-4804-000000000b00},{55857b6a-e6c8-6a43-4804-000000000b00},13356,labwin\jjstestal,cmd.exe,fase3_normal,2026-06-30 17:54:48.823+02:00,2026-06-30 17:54:48.831+02:00,2,1,0,1,0,0,0,0,0,0,0,0,0,0,0,0,0,0,1,6
131,-0.20747217076940977,0.20747217076940977,background,S2,backgroundtaskhost.exe,C:\Windows\System32\backgroundTaskHost.exe,"""C:\WINDOWS\system32\BackgroundTaskHost.exe"" -ServerName:BackgroundTaskHost.WebAccountProvider",-,2,0,0,0,0,0,0,0,0,0,guid:{55857b6a-c2c5-6a44-4801-000000000c00},{55857b6a-c2c5-6a44-4801-000000000c00},13448,labwin\jjstestal,-,fase4_suspicious_simulated,2026-07-01 09:33:25.602+02:00,2026-07-01 09:33:25.681+02:00,2,1,0,1,0,0,0,0,0,0,0,0,0,0,0,0,0,0,0,94
132,-0.20747217076940977,0.20747217076940977,background,,searchfilterhost.exe,C:\Windows\System32\SearchFilterHost.exe,"""C:\WINDOWS\System32\SearchFilterHost.exe"" 1000 2744 2672 980 {1295340B-BF50-4A88-BB2F-287E0B9B0016}",C:\Windows\System32\SearchIndexer.exe,2,0,0,0,0,0,0,0,0,0,guid:{55857b6a-c3a3-6a44-7f01-000000000c00},{55857b6a-c3a3-6a44-7f01-000000000c00},10716,NT AUTHORITY\SYSTEM,searchindexer.exe,fase4_suspicious_simulated,2026-07-01 09:37:07.246+02:00,2026-07-01 09:43:49.145+02:00,2,1,0,1,0,0,0,0,0,0,0,0,0,0,0,0,0,0,0,100
133,-0.20747217076940977,0.20747217076940977,background,,searchfilterhost.exe,C:\Windows\System32\SearchFilterHost.exe,"""C:\WINDOWS\System32\SearchFilterHost.exe"" 1000 2840 2624 980 {0E5DCEC5-7795-4E38-9621-94DFD9F9A421}",C:\Windows\System32\SearchIndexer.exe,2,0,0,0,0,0,0,0,0,0,guid:{55857b6a-c3a3-6a44-8001-000000000c00},{55857b6a-c3a3-6a44-8001-000000000c00},1524,NT AUTHORITY\SYSTEM,searchindexer.exe,fase4_suspicious_simulated,2026-07-01 09:37:07.285+02:00,2026-07-01 09:43:49.149+02:00,2,1,0,1,0,0,0,0,0,0,0,0,0,0,0,0,0,0,0,100
134,-0.20747217076940977,0.20747217076940977,background,,backgroundtaskhost.exe,C:\Windows\System32\backgroundTaskHost.exe,"""C:\WINDOWS\system32\BackgroundTaskHost.exe"" -ServerName:BackgroundTaskHost.WebAccountProvider",-,2,0,0,0,0,0,0,0,0,0,guid:{55857b6a-c47a-6a44-9401-000000000c00},{55857b6a-c47a-6a44-9401-000000000c00},14820,labwin\jjstestal,-,fase4_suspicious_simulated,2026-07-01 09:40:42.427+02:00,2026-07-01 09:44:07.545+02:00,2,1,0,1,0,0,0,0,0,0,0,0,0,0,0,0,0,0,0,94
135,-0.2088864412295145,0.2088864412295145,normal,N3,tasklist.exe,C:\Windows\System32\tasklist.exe,tasklist,C:\Windows\System32\cmd.exe,2,0,0,0,0,0,0,0,0,1,guid:{55857b6a-e6c8-6a43-4c04-000000000b00},{55857b6a-e6c8-6a43-4c04-000000000b00},12748,labwin\jjstestal,cmd.exe,fase3_normal,2026-06-30 17:54:48.901+02:00,2026-06-30 17:54:49.012+02:00,2,1,0,1,0,0,0,0,0,0,0,0,0,0,0,0,0,0,1,8
136,-0.20960034363253144,0.20960034363253144,normal,N3,ipconfig.exe,C:\Windows\System32\ipconfig.exe,ipconfig  /all,C:\Windows\System32\cmd.exe,2,0,0,0,0,0,0,0,0,1,guid:{55857b6a-e6c8-6a43-4a04-000000000b00},{55857b6a-e6c8-6a43-4a04-000000000b00},13032,labwin\jjstestal,cmd.exe,fase3_normal,2026-06-30 17:54:48.859+02:00,2026-06-30 17:54:48.873+02:00,2,1,0,1,0,0,0,0,0,0,0,0,0,0,0,0,0,0,1,14
137,-0.21034987011185896,0.21034987011185896,background,S2,sppsvc.exe,C:\Windows\System32\sppsvc.exe,C:\WINDOWS\system32\sppsvc.exe,-,2,0,0,0,0,0,0,0,0,0,guid:{55857b6a-c2c5-6a44-4d01-000000000c00},{55857b6a-c2c5-6a44-4d01-000000000c00},13992,NT AUTHORITY\Servicio de red,-,fase4_suspicious_simulated,2026-07-01 09:33:25.938+02:00,2026-07-01 09:34:03.289+02:00,2,1,0,1,0,0,0,0,0,0,0,0,0,0,0,0,0,0,0,30
138,-0.21034987011185896,0.21034987011185896,background,,sppsvc.exe,C:\Windows\System32\sppsvc.exe,C:\WINDOWS\system32\sppsvc.exe,-,2,0,0,0,0,0,0,0,0,0,guid:{55857b6a-c304-6a44-6401-000000000c00},{55857b6a-c304-6a44-6401-000000000c00},12408,NT AUTHORITY\Servicio de red,-,fase4_suspicious_simulated,2026-07-01 09:34:28.241+02:00,2026-07-01 09:34:58.552+02:00,2,1,0,1,0,0,0,0,0,0,0,0,0,0,0,0,0,0,0,30
139,-0.21034987011185896,0.21034987011185896,background,,sppsvc.exe,C:\Windows\System32\sppsvc.exe,C:\WINDOWS\system32\sppsvc.exe,-,2,0,0,0,0,0,0,0,0,0,guid:{55857b6a-c47d-6a44-9b01-000000000c00},{55857b6a-c47d-6a44-9b01-000000000c00},12432,NT AUTHORITY\Servicio de red,-,fase4_suspicious_simulated,2026-07-01 09:40:45.736+02:00,2026-07-01 09:41:17.608+02:00,2,1,0,1,0,0,0,0,0,0,0,0,0,0,0,0,0,0,0,30
140,-0.21038940063182682,0.21038940063182682,background,S2,conhost.exe,C:\Windows\System32\conhost.exe,\??\C:\WINDOWS\system32\conhost.exe 0xffffffff -ForceV1,C:\Windows\System32\sc.exe,2,0,0,0,0,0,0,0,0,1,guid:{55857b6a-c2c5-6a44-4101-000000000c00},{55857b6a-c2c5-6a44-4101-000000000c00},8912,NT AUTHORITY\SYSTEM,sc.exe,fase4_suspicious_simulated,2026-07-01 09:33:25.341+02:00,2026-07-01 09:33:25.383+02:00,2,1,0,1,0,0,0,0,0,0,0,0,0,0,0,0,0,0,1,55
141,-0.21055454432608683,0.21055454432608683,background,S2,taskhostw.exe,C:\Windows\System32\taskhostw.exe,taskhostw.exe,-,2,0,0,0,0,0,0,0,0,0,guid:{55857b6a-c2c5-6a44-4601-000000000c00},{55857b6a-c2c5-6a44-4601-000000000c00},13548,labwin\jjstestal,-,fase4_suspicious_simulated,2026-07-01 09:33:25.428+02:00,2026-07-01 09:33:25.939+02:00,2,1,0,1,0,0,0,0,0,0,0,0,0,0,0,0,0,0,0,13
142,-0.21055454432608683,0.21055454432608683,background,,taskhostw.exe,C:\Windows\System32\taskhostw.exe,taskhostw.exe,-,2,0,0,0,0,0,0,0,0,0,guid:{55857b6a-c2ce-6a44-5b01-000000000c00},{55857b6a-c2ce-6a44-5b01-000000000c00},6760,NT AUTHORITY\SYSTEM,-,fase4_suspicious_simulated,2026-07-01 09:33:34.454+02:00,2026-07-01 09:33:34.466+02:00,2,1,0,1,0,0,0,0,0,0,0,0,0,0,0,0,0,0,0,13
143,-0.21055454432608683,0.21055454432608683,background,,taskhostw.exe,C:\Windows\System32\taskhostw.exe,taskhostw.exe,-,2,0,0,0,0,0,0,0,0,0,guid:{55857b6a-c3f3-6a44-8601-000000000c00},{55857b6a-c3f3-6a44-8601-000000000c00},3252,NT AUTHORITY\SYSTEM,-,fase4_suspicious_simulated,2026-07-01 09:38:27.427+02:00,2026-07-01 09:38:28.434+02:00,2,1,0,1,0,0,0,0,0,0,0,0,0,0,0,0,0,0,0,13
144,-0.2106542095522389,0.2106542095522389,background,S2,trustedinstaller.exe,C:\Windows\servicing\TrustedInstaller.exe,C:\WINDOWS\servicing\TrustedInstaller.exe,-,2,0,0,0,0,0,0,0,0,0,guid:{55857b6a-c2c8-6a44-5501-000000000c00},{55857b6a-c2c8-6a44-5501-000000000c00},11624,NT AUTHORITY\SYSTEM,-,fase4_suspicious_simulated,2026-07-01 09:33:28.600+02:00,2026-07-01 09:35:31.097+02:00,2,1,0,1,0,0,0,0,0,0,0,0,0,0,0,0,0,0,0,41
145,-0.2106542095522389,0.2106542095522389,background,,trustedinstaller.exe,C:\Windows\servicing\TrustedInstaller.exe,C:\WINDOWS\servicing\TrustedInstaller.exe,-,2,0,0,0,0,0,0,0,0,0,guid:{55857b6a-c47e-6a44-9c01-000000000c00},{55857b6a-c47e-6a44-9c01-000000000c00},4240,NT AUTHORITY\SYSTEM,-,fase4_suspicious_simulated,2026-07-01 09:40:46.058+02:00,2026-07-01 09:42:47.702+02:00,2,1,0,1,0,0,0,0,0,0,0,0,0,0,0,0,0,0,0,41
146,-0.21068486364932842,0.21068486364932842,background,S2,svchost.exe,C:\Windows\System32\svchost.exe,C:\WINDOWS\system32\svchost.exe -k LocalSystemNetworkRestricted -p -s NgcSvc,-,2,0,0,0,0,0,0,0,0,0,guid:{55857b6a-c2c6-6a44-5001-000000000c00},{55857b6a-c2c6-6a44-5001-000000000c00},5724,NT AUTHORITY\SYSTEM,-,fase4_suspicious_simulated,2026-07-01 09:33:26.372+02:00,2026-07-01 09:36:26.379+02:00,2,1,0,1,0,0,0,0,0,0,0,0,0,0,0,0,0,0,0,76
147,-0.21135081463895522,0.21135081463895522,background,,taskhostw.exe,C:\Windows\System32\taskhostw.exe,taskhostw.exe -RegisterDevice -ProtectionStateChanged -FreeNetworkOnly,-,2,0,0,0,0,0,0,0,0,0,guid:{55857b6a-c35a-6a44-6e01-000000000c00},{55857b6a-c35a-6a44-6e01-000000000c00},3932,NT AUTHORITY\SYSTEM,-,fase4_suspicious_simulated,2026-07-01 09:35:54.005+02:00,2026-07-01 09:35:54.141+02:00,2,1,0,1,0,0,0,0,0,0,0,0,0,0,0,0,0,0,0,70
148,-0.21153333080163628,0.21153333080163628,background,S2,svchost.exe,C:\Windows\System32\svchost.exe,C:\WINDOWS\system32\svchost.exe -k LocalServiceNetworkRestricted -p,-,2,0,0,0,0,0,0,0,0,0,guid:{55857b6a-c2c6-6a44-5101-000000000c00},{55857b6a-c2c6-6a44-5101-000000000c00},9988,NT AUTHORITY\SERVICIO LOCAL,-,fase4_suspicious_simulated,2026-07-01 09:33:26.419+02:00,2026-07-01 09:41:26.395+02:00,2,1,0,1,0,0,0,0,0,0,0,0,0,0,0,0,0,0,0,67
149,-0.21170858398743064,0.21170858398743064,background,,usoclient.exe,C:\Windows\System32\UsoClient.exe,"""C:\WINDOWS\system32\usoclient.exe"" StartWork",-,2,0,0,0,0,0,0,0,0,0,guid:{55857b6a-c47a-6a44-9101-000000000c00},{55857b6a-c47a-6a44-9101-000000000c00},6956,NT AUTHORITY\SYSTEM,-,fase4_suspicious_simulated,2026-07-01 09:40:42.220+02:00,2026-07-01 09:40:42.329+02:00,2,1,0,1,0,0,0,0,0,0,0,0,0,0,0,0,0,0,0,45
150,-0.21170858398743064,0.21170858398743064,background,,taskhostw.exe,C:\Windows\System32\taskhostw.exe,taskhostw.exe -RegisterUserDevice -NewAccount,-,2,0,0,0,0,0,0,0,0,0,guid:{55857b6a-c47d-6a44-9601-000000000c00},{55857b6a-c47d-6a44-9601-000000000c00},4196,labwin\jjstestal,-,fase4_suspicious_simulated,2026-07-01 09:40:45.100+02:00,2026-07-01 09:40:45.372+02:00,2,1,0,1,0,0,0,0,0,0,0,0,0,0,0,0,0,0,0,45
151,-0.21170858398743064,0.21170858398743064,background,,taskhostw.exe,C:\Windows\System32\taskhostw.exe,taskhostw.exe -RegisterDevice -AccountChange,-,2,0,0,0,0,0,0,0,0,0,guid:{55857b6a-c47d-6a44-9701-000000000c00},{55857b6a-c47d-6a44-9701-000000000c00},4280,NT AUTHORITY\SYSTEM,-,fase4_suspicious_simulated,2026-07-01 09:40:45.119+02:00,2026-07-01 09:40:45.136+02:00,2,1,0,1,0,0,0,0,0,0,0,0,0,0,0,0,0,0,0,44
152,-0.21170858398743064,0.21170858398743064,background,,usoclient.exe,C:\Windows\System32\UsoClient.exe,"""C:\WINDOWS\system32\usoclient.exe"" StartWork",-,2,0,0,0,0,0,0,0,0,0,guid:{55857b6a-c47d-6a44-9901-000000000c00},{55857b6a-c47d-6a44-9901-000000000c00},656,NT AUTHORITY\SYSTEM,-,fase4_suspicious_simulated,2026-07-01 09:40:45.401+02:00,2026-07-01 09:40:45.416+02:00,2,1,0,1,0,0,0,0,0,0,0,0,0,0,0,0,0,0,0,45
153,-0.21171575087115535,0.21171575087115535,background,,svchost.exe,C:\Windows\System32\svchost.exe,C:\WINDOWS\system32\svchost.exe -k LocalService -p -s CaptureService,-,2,0,0,0,0,0,0,0,0,0,guid:{55857b6a-c37b-6a44-7d01-000000000c00},{55857b6a-c37b-6a44-7d01-000000000c00},10080,labwin\jjstestal,-,fase4_suspicious_simulated,2026-07-01 09:36:27.032+02:00,2026-07-01 09:36:27.140+02:00,2,1,0,1,0,0,0,0,0,0,0,0,0,0,0,0,0,0,0,68
154,-0.21171575087115535,0.21171575087115535,background,,svchost.exe,C:\Windows\System32\svchost.exe,C:\WINDOWS\system32\svchost.exe -k LocalService -p -s CaptureService,-,2,0,0,0,0,0,0,0,0,0,guid:{55857b6a-c413-6a44-8c01-000000000c00},{55857b6a-c413-6a44-8c01-000000000c00},11948,labwin\jjstestal,-,fase4_suspicious_simulated,2026-07-01 09:38:59.806+02:00,2026-07-01 09:38:59.905+02:00,2,1,0,1,0,0,0,0,0,0,0,0,0,0,0,0,0,0,0,68
155,-0.21171575087115535,0.21171575087115535,background,,svchost.exe,C:\Windows\System32\svchost.exe,C:\WINDOWS\system32\svchost.exe -k LocalService -p -s CaptureService,-,2,0,0,0,0,0,0,0,0,0,guid:{55857b6a-c480-6a44-9e01-000000000c00},{55857b6a-c480-6a44-9e01-000000000c00},5660,labwin\jjstestal,-,fase4_suspicious_simulated,2026-07-01 09:40:48.482+02:00,2026-07-01 09:40:48.563+02:00,2,1,0,1,0,0,0,0,0,0,0,0,0,0,0,0,0,0,0,68
156,-0.21171575087115535,0.21171575087115535,normal,,svchost.exe,C:\Windows\System32\svchost.exe,C:\WINDOWS\system32\svchost.exe -k LocalService -p -s CaptureService,C:\Windows\System32\services.exe,2,0,0,0,0,0,0,0,0,0,guid:{55857b6a-e620-6a43-3a04-000000000b00},{55857b6a-e620-6a43-3a04-000000000b00},10732,labwin\jjstestal,services.exe,fase3_normal,2026-06-30 17:52:00.369+02:00,2026-06-30 17:52:00.475+02:00,2,1,0,1,0,0,0,0,0,0,0,0,0,0,0,0,0,0,0,68
157,-0.21171575087115535,0.21171575087115535,normal,,svchost.exe,C:\Windows\System32\svchost.exe,C:\WINDOWS\system32\svchost.exe -k LocalService -p -s CaptureService,C:\Windows\System32\services.exe,2,0,0,0,0,0,0,0,0,0,guid:{55857b6a-e628-6a43-3e04-000000000b00},{55857b6a-e628-6a43-3e04-000000000b00},7700,labwin\jjstestal,services.exe,fase3_normal,2026-06-30 17:52:08.009+02:00,2026-06-30 17:52:08.081+02:00,2,1,0,1,0,0,0,0,0,0,0,0,0,0,0,0,0,0,0,68
158,-0.21171595589843833,0.21171595589843833,background,S2,mousocoreworker.exe,C:\Windows\UUS\amd64\MoUsoCoreWorker.exe,"""C:\WINDOWS\uus\AMD64\MoUsoCoreWorker.exe"" useprivatenamespaces",C:\Windows\System32\svchost.exe,2,0,0,0,0,0,0,0,0,0,guid:{55857b6a-c2c5-6a44-4a01-000000000c00},{55857b6a-c2c5-6a44-4a01-000000000c00},13256,NT AUTHORITY\SYSTEM,svchost.exe,fase4_suspicious_simulated,2026-07-01 09:33:25.763+02:00,2026-07-01 09:35:27.232+02:00,2,1,0,1,0,0,0,0,0,0,0,0,0,0,0,0,0,0,0,63
159,-0.21192871315972023,0.21192871315972023,background,S2,runtimebroker.exe,C:\Windows\System32\RuntimeBroker.exe,C:\Windows\System32\RuntimeBroker.exe -Embedding,-,2,0,0,0,0,0,0,0,0,0,guid:{55857b6a-c2c5-6a44-4901-000000000c00},{55857b6a-c2c5-6a44-4901-000000000c00},13452,labwin\jjstestal,-,fase4_suspicious_simulated,2026-07-01 09:33:25.645+02:00,2026-07-01 09:34:10.704+02:00,2,1,0,1,0,0,0,0,0,0,0,0,0,0,0,0,0,0,0,48
160,-0.21192871315972023,0.21192871315972023,background,,conhost.exe,C:\Windows\System32\conhost.exe,\??\C:\WINDOWS\system32\conhost.exe 0xffffffff -ForceV1,C:\ProgramData\Microsoft\Windows Defender\Platform\4.18.26050.15-0\MpCmdRun.exe,2,0,0,0,0,0,0,0,0,0,guid:{55857b6a-c354-6a44-6a01-000000000c00},{55857b6a-c354-6a44-6a01-000000000c00},4376,NT AUTHORITY\SYSTEM,mpcmdrun.exe,fase4_suspicious_simulated,2026-07-01 09:35:48.888+02:00,2026-07-01 09:36:05.093+02:00,2,1,0,1,0,0,0,0,0,0,0,0,0,0,0,0,0,0,0,55
161,-0.21192871315972023,0.21192871315972023,background,,conhost.exe,C:\Windows\System32\conhost.exe,\??\C:\WINDOWS\system32\conhost.exe 0xffffffff -ForceV1,C:\ProgramData\Microsoft\Windows Defender\Platform\4.18.26050.15-0\MpCmdRun.exe,2,0,0,0,0,0,0,0,0,0,guid:{55857b6a-c354-6a44-6c01-000000000c00},{55857b6a-c354-6a44-6c01-000000000c00},15784,NT AUTHORITY\SYSTEM,mpcmdrun.exe,fase4_suspicious_simulated,2026-07-01 09:35:48.932+02:00,2026-07-01 09:36:05.078+02:00,2,1,0,1,0,0,0,0,0,0,0,0,0,0,0,0,0,0,0,55
162,-0.21207908427889366,0.21207908427889366,background,S2,svchost.exe,C:\Windows\System32\svchost.exe,C:\WINDOWS\system32\svchost.exe -k wusvcs -p -s WaaSMedicSvc,-,2,0,0,0,0,0,0,0,0,0,guid:{55857b6a-c2c5-6a44-4c01-000000000c00},{55857b6a-c2c5-6a44-4c01-000000000c00},12868,NT AUTHORITY\SYSTEM,-,fase4_suspicious_simulated,2026-07-01 09:33:25.870+02:00,2026-07-01 09:34:26.061+02:00,2,1,0,1,0,0,0,0,0,0,0,0,0,0,0,0,0,0,0,60
163,-0.21207908427889366,0.21207908427889366,background,S2,svchost.exe,C:\Windows\System32\svchost.exe,C:\WINDOWS\system32\svchost.exe -k WbioSvcGroup -s WbioSrvc,-,2,0,0,0,0,0,0,0,0,0,guid:{55857b6a-c2c6-6a44-4f01-000000000c00},{55857b6a-c2c6-6a44-4f01-000000000c00},7968,NT AUTHORITY\SYSTEM,-,fase4_suspicious_simulated,2026-07-01 09:33:26.325+02:00,2026-07-01 09:36:44.772+02:00,2,1,0,1,0,0,0,0,0,0,0,0,0,0,0,0,0,0,0,59
164,-0.21207908427889366,0.21207908427889366,background,,svchost.exe,C:\Windows\System32\svchost.exe,C:\WINDOWS\system32\svchost.exe -k wusvcs -p -s WaaSMedicSvc,-,2,0,0,0,0,0,0,0,0,0,guid:{55857b6a-c302-6a44-6101-000000000c00},{55857b6a-c302-6a44-6101-000000000c00},9012,NT AUTHORITY\SYSTEM,-,fase4_suspicious_simulated,2026-07-01 09:34:26.131+02:00,2026-07-01 09:35:26.329+02:00,2,1,0,1,0,0,0,0,0,0,0,0,0,0,0,0,0,0,0,60
165,-0.21207908427889366,0.21207908427889366,background,,svchost.exe,C:\Windows\System32\svchost.exe,C:\WINDOWS\System32\svchost.exe -k netsvcs -p -s NetSetupSvc,-,2,0,0,0,0,0,0,0,0,0,guid:{55857b6a-c35f-6a44-7801-000000000c00},{55857b6a-c35f-6a44-7801-000000000c00},11168,NT AUTHORITY\SYSTEM,-,fase4_suspicious_simulated,2026-07-01 09:35:59.055+02:00,2026-07-01 09:38:02.017+02:00,2,1,0,1,0,0,0,0,0,0,0,0,0,0,0,0,0,0,0,60
166,-0.21207908427889366,0.21207908427889366,background,,svchost.exe,C:\Windows\System32\svchost.exe,C:\WINDOWS\system32\svchost.exe -k wusvcs -p -s WaaSMedicSvc,-,2,0,0,0,0,0,0,0,0,0,guid:{55857b6a-c47a-6a44-9301-000000000c00},{55857b6a-c47a-6a44-9301-000000000c00},12624,NT AUTHORITY\SYSTEM,-,fase4_suspicious_simulated,2026-07-01 09:40:42.316+02:00,2026-07-01 09:41:45.628+02:00,2,1,0,1,0,0,0,0,0,0,0,0,0,0,0,0,0,0,0,60
167,-0.21207908427889366,0.21207908427889366,background,S7,svchost.exe,C:\Windows\System32\svchost.exe,C:\WINDOWS\System32\svchost.exe -k netsvcs -p -s NetSetupSvc,-,2,0,0,0,0,0,0,0,0,0,guid:{55857b6a-c4c8-6a44-a101-000000000c00},{55857b6a-c4c8-6a44-a101-000000000c00},4000,NT AUTHORITY\SYSTEM,-,fase4_suspicious_simulated,2026-07-01 09:42:00.659+02:00,2026-07-01 09:43:03.603+02:00,2,1,0,1,0,0,0,0,0,0,0,0,0,0,0,0,0,0,0,60
168,-0.21207908427889366,0.21207908427889366,normal,N5,svchost.exe,C:\Windows\System32\svchost.exe,C:\WINDOWS\System32\svchost.exe -k netsvcs -p -s NetSetupSvc,C:\Windows\System32\services.exe,2,0,0,0,0,0,0,0,0,0,guid:{55857b6a-e6f4-6a43-5504-000000000b00},{55857b6a-e6f4-6a43-5504-000000000b00},12652,NT AUTHORITY\SYSTEM,services.exe,fase3_normal,2026-06-30 17:55:32.792+02:00,2026-06-30 17:56:35.731+02:00,2,1,0,1,0,0,0,0,0,0,0,0,0,0,0,0,0,0,0,60
169,-0.2121870896040195,0.2121870896040195,background,,wmiprvse.exe,C:\Windows\System32\wbem\WmiPrvSE.exe,C:\WINDOWS\system32\wbem\wmiprvse.exe -secured -Embedding,-,2,0,0,0,0,0,0,0,0,0,guid:{55857b6a-c354-6a44-6d01-000000000c00},{55857b6a-c354-6a44-6d01-000000000c00},5700,NT AUTHORITY\Servicio de red,-,fase4_suspicious_simulated,2026-07-01 09:35:48.986+02:00,2026-07-01 09:37:07.061+02:00,2,1,0,1,0,0,0,0,0,0,0,0,0,0,0,0,0,0,0,57
170,-0.2121870896040195,0.2121870896040195,background,,wmiprvse.exe,C:\Windows\System32\wbem\WmiPrvSE.exe,C:\WINDOWS\system32\wbem\wmiprvse.exe -secured -Embedding,-,2,0,0,0,0,0,0,0,0,0,guid:{55857b6a-c35e-6a44-7701-000000000c00},{55857b6a-c35e-6a44-7701-000000000c00},15344,NT AUTHORITY\SERVICIO LOCAL,-,fase4_suspicious_simulated,2026-07-01 09:35:58.997+02:00,2026-07-01 09:38:37.082+02:00,2,1,0,1,0,0,0,0,0,0,0,0,0,0,0,0,0,0,0,57
171,-0.2121870896040195,0.2121870896040195,background,,wmiprvse.exe,C:\Windows\System32\wbem\WmiPrvSE.exe,C:\WINDOWS\system32\wbem\wmiprvse.exe -secured -Embedding,-,2,0,0,0,0,0,0,0,0,0,guid:{55857b6a-c47d-6a44-9801-000000000c00},{55857b6a-c47d-6a44-9801-000000000c00},12480,NT AUTHORITY\Servicio de red,-,fase4_suspicious_simulated,2026-07-01 09:40:45.208+02:00,2026-07-01 09:43:28.846+02:00,2,1,0,1,0,0,0,0,0,0,0,0,0,0,0,0,0,0,0,57
172,-0.2121870896040195,0.2121870896040195,background,S7,wmiprvse.exe,C:\Windows\System32\wbem\WmiPrvSE.exe,C:\WINDOWS\system32\wbem\wmiprvse.exe -secured -Embedding,-,2,0,0,0,0,0,0,0,0,0,guid:{55857b6a-c4c8-6a44-a001-000000000c00},{55857b6a-c4c8-6a44-a001-000000000c00},14116,NT AUTHORITY\SERVICIO LOCAL,-,fase4_suspicious_simulated,2026-07-01 09:42:00.582+02:00,2026-07-01 09:43:28.846+02:00,2,1,0,1,0,0,0,0,0,0,0,0,0,0,0,0,0,0,0,57
173,-0.2121870896040195,0.2121870896040195,normal,N5,wmiprvse.exe,C:\Windows\System32\wbem\WmiPrvSE.exe,C:\WINDOWS\system32\wbem\wmiprvse.exe -secured -Embedding,C:\Windows\System32\svchost.exe,2,0,0,0,0,0,0,0,0,0,guid:{55857b6a-e6f4-6a43-5404-000000000b00},{55857b6a-e6f4-6a43-5404-000000000b00},5512,NT AUTHORITY\SERVICIO LOCAL,svchost.exe,fase3_normal,2026-06-30 17:55:32.717+02:00,2026-06-30 17:57:28.516+02:00,2,1,0,1,0,0,0,0,0,0,0,0,0,0,0,0,0,0,0,57
174,-0.21888096543338054,0.21888096543338054,normal,N3,searchfilterhost.exe,C:\Windows\System32\SearchFilterHost.exe,"""C:\WINDOWS\System32\SearchFilterHost.exe"" 1120 3004 1544 1096 {1295340B-BF50-4A88-BB2F-287E0B9B0016}",C:\Windows\System32\SearchIndexer.exe,2,0,0,0,0,0,0,0,0,1,guid:{55857b6a-e626-6a43-3c04-000000000b00},{55857b6a-e626-6a43-3c04-000000000b00},5340,NT AUTHORITY\SYSTEM,searchindexer.exe,fase3_normal,2026-06-30 17:52:06.427+02:00,2026-06-30 17:54:51.330+02:00,2,1,0,1,0,0,0,0,0,0,0,0,0,0,0,0,0,0,0,101
175,-0.21888096543338054,0.21888096543338054,normal,N3,searchfilterhost.exe,C:\Windows\System32\SearchFilterHost.exe,"""C:\WINDOWS\System32\SearchFilterHost.exe"" 1120 1612 1604 1096 {0E5DCEC5-7795-4E38-9621-94DFD9F9A421}",C:\Windows\System32\SearchIndexer.exe,2,0,0,0,0,0,0,0,0,1,guid:{55857b6a-e626-6a43-3d04-000000000b00},{55857b6a-e626-6a43-3d04-000000000b00},10480,NT AUTHORITY\SYSTEM,searchindexer.exe,fase3_normal,2026-06-30 17:52:06.471+02:00,2026-06-30 17:54:51.334+02:00,2,1,0,1,0,0,0,0,0,0,0,0,0,0,0,0,0,0,0,101
176,-0.22210474783764517,0.22210474783764517,normal,N3,wmiprvse.exe,C:\Windows\System32\wbem\WmiPrvSE.exe,C:\WINDOWS\system32\wbem\wmiprvse.exe -secured -Embedding,C:\Windows\System32\svchost.exe,2,0,0,0,0,0,0,0,0,1,guid:{55857b6a-e6c8-6a43-4d04-000000000b00},{55857b6a-e6c8-6a43-4d04-000000000b00},13440,NT AUTHORITY\Servicio de red,svchost.exe,fase3_normal,2026-06-30 17:54:48.925+02:00,2026-06-30 17:57:28.517+02:00,2,1,0,1,0,0,0,0,0,0,0,0,0,0,0,0,0,0,0,57
