process_key,process_guid,process_id,image,process_name,command_line,user,parent_image,parent_name,phase,label,scenario_ids,first_seen,last_seen,event_count,unique_event_ids,event_id_1_process_create,event_id_3_network,event_id_5_process_terminate,event_id_7_image_load,event_id_11_file_create,event_id_12_registry_create,event_id_13_registry_set,event_id_14_registry_rename,event_id_22_dns,has_network_connection,network_connection_count,dns_query_count,file_creation_count,registry_event_count,destination_ip_count,external_destination_count,runs_from_temp,runs_from_user_profile,has_powershell,has_encoded_command,has_registry_run,has_scheduled_task,has_service_creation,has_startup_folder,is_lolbin,rare_parent_child,commandline_length_max,suspicious_keyword_count
guid:{00000000-0000-0000-0000-000000000000},{00000000-0000-0000-0000-000000000000},2964,<unknown process>,<unknown process>,,-,,,fase4_suspicious_simulated,background,,2026-07-01 09:34:31.619+02:00,2026-07-01 09:44:11.061+02:00,3,1,0,3,0,0,0,0,0,0,0,1,3,0,0,0,3,3,0,0,0,0,0,0,0,0,0,0,0,0
guid:{55857b6a-a216-6a43-2d00-000000000b00},{55857b6a-a216-6a43-2d00-000000000b00},2272,C:\Windows\System32\svchost.exe,svchost.exe,,NT AUTHORITY\Servicio de red,,,fase3_normal,normal,N5,2026-06-30 17:54:02.974+02:00,2026-06-30 17:55:34.959+02:00,20,1,0,20,0,0,0,0,0,0,0,1,20,0,0,0,2,0,0,0,0,0,0,0,0,0,0,0,0,0
guid:{55857b6a-a217-6a43-4300-000000000b00},{55857b6a-a217-6a43-4300-000000000b00},3296,C:\ProgramData\Microsoft\Windows Defender\Platform\4.18.26050.15-0\MpDefenderCoreService.exe,mpdefendercoreservice.exe,,NT AUTHORITY\SYSTEM,,,fase3_normal,normal,,2026-06-30 17:52:45.254+02:00,2026-06-30 17:58:57.608+02:00,3,1,0,3,0,0,0,0,0,0,0,1,3,0,0,0,1,1,0,0,0,0,0,0,0,0,0,0,0,0
guid:{55857b6a-a5aa-6a43-2001-000000000b00},{55857b6a-a5aa-6a43-2001-000000000b00},1744,C:\WINDOWS\Explorer.EXE,explorer.exe,,labwin\jjstestal,,,fase3_normal,normal,,2026-06-30 17:52:32.431+02:00,2026-06-30 17:52:32.437+02:00,2,1,0,0,0,0,2,0,0,0,0,0,0,0,2,0,0,0,0,0,0,0,0,0,0,0,0,0,0,1
guid:{55857b6a-a5ae-6a43-5001-000000000b00},{55857b6a-a5ae-6a43-5001-000000000b00},8500,C:\Program Files (x86)\Microsoft\EdgeWebView\Application\149.0.4022.98\msedgewebview2.exe,msedgewebview2.exe,,labwin\jjstestal,,,fase3_normal,normal,,2026-06-30 17:56:20.499+02:00,2026-06-30 17:56:20.503+02:00,2,1,0,0,0,0,2,0,0,0,0,0,0,0,2,0,0,0,0,0,0,0,0,0,0,0,0,0,0,1
guid:{55857b6a-b1b8-6a43-8602-000000000b00},{55857b6a-b1b8-6a43-8602-000000000b00},11472,C:\Windows\Sysmon64.exe,sysmon64.exe,,NT AUTHORITY\SYSTEM,,,fase3_normal,normal,,2026-06-30 17:55:36.951+02:00,2026-06-30 17:55:36.951+02:00,1,1,0,0,0,0,0,0,0,0,1,0,0,1,0,0,0,0,0,0,0,0,0,0,0,0,0,0,0,0
guid:{55857b6a-c0f1-6a44-eb03-000000000000},{55857b6a-c0f1-6a44-eb03-000000000000},4,System,system,,NT AUTHORITY\SYSTEM,,,fase4_suspicious_simulated,background,,2026-07-01 09:36:02.767+02:00,2026-07-01 09:38:40.506+02:00,4,1,0,4,0,0,0,0,0,0,0,1,4,0,0,0,1,0,0,0,0,0,0,0,0,0,0,0,0,0
guid:{55857b6a-c0f5-6a44-1400-000000000c00},{55857b6a-c0f5-6a44-1400-000000000c00},1304,C:\Windows\System32\svchost.exe,svchost.exe,,NT AUTHORITY\SYSTEM,,,fase4_suspicious_simulated,background,,2026-07-01 09:35:42.460+02:00,2026-07-01 09:35:42.460+02:00,1,1,0,0,1,0,0,0,0,0,0,0,0,0,0,0,0,0,0,0,0,0,0,0,0,0,0,0,0,0
guid:{55857b6a-c0f5-6a44-2d00-000000000c00},{55857b6a-c0f5-6a44-2d00-000000000c00},2264,C:\Windows\System32\svchost.exe,svchost.exe,,NT AUTHORITY\Servicio de red,,,fase4_suspicious_simulated,background,S2;S3;S5;S7,2026-07-01 09:33:31.675+02:00,2026-07-01 09:44:12.349+02:00,49,1,0,49,0,0,0,0,0,0,0,1,49,0,0,0,2,0,0,0,0,0,0,0,0,0,0,0,0,0
guid:{55857b6a-c0f6-6a44-3800-000000000c00},{55857b6a-c0f6-6a44-3800-000000000c00},2940,C:\Windows\System32\audiodg.exe,audiodg.exe,,NT AUTHORITY\SERVICIO LOCAL,,,fase4_suspicious_simulated,background,S2,2026-07-01 09:33:27.037+02:00,2026-07-01 09:33:27.037+02:00,1,1,0,0,1,0,0,0,0,0,0,0,0,0,0,0,0,0,0,0,0,0,0,0,0,0,0,1,0,0
guid:{55857b6a-c0f6-6a44-3e00-000000000c00},{55857b6a-c0f6-6a44-3e00-000000000c00},3324,C:\Windows\System32\svchost.exe,svchost.exe,,NT AUTHORITY\SYSTEM,,,fase4_suspicious_simulated,background,S2,2026-07-01 09:33:28.642+02:00,2026-07-01 09:43:17.161+02:00,16,2,0,11,0,0,0,0,0,0,5,1,11,5,0,0,5,5,0,0,0,0,0,0,0,0,0,0,0,0
guid:{55857b6a-c0f6-6a44-4200-000000000c00},{55857b6a-c0f6-6a44-4200-000000000c00},3420,C:\ProgramData\Microsoft\Windows Defender\Platform\4.18.26050.15-0\MpDefenderCoreService.exe,mpdefendercoreservice.exe,,NT AUTHORITY\SYSTEM,,,fase4_suspicious_simulated,background,S7,2026-07-01 09:31:59.272+02:00,2026-07-01 09:41:58.969+02:00,4,1,0,4,0,0,0,0,0,0,0,1,4,0,0,0,1,1,0,0,0,0,0,0,0,0,0,0,0,0
guid:{55857b6a-c0f6-6a44-4400-000000000c00},{55857b6a-c0f6-6a44-4400-000000000c00},3444,C:\Windows\Sysmon64.exe,sysmon64.exe,,NT AUTHORITY\SYSTEM,,,fase4_suspicious_simulated,background,S2;S5;S7,2026-07-01 09:33:29.657+02:00,2026-07-01 09:44:12.215+02:00,30,1,0,0,0,0,0,0,0,0,30,0,0,30,0,0,0,0,0,0,0,0,0,0,0,0,0,0,0,0
guid:{55857b6a-c0f6-6a44-4500-000000000c00},{55857b6a-c0f6-6a44-4500-000000000c00},3452,C:\WINDOWS\system32\svchost.exe,svchost.exe,,NT AUTHORITY\SYSTEM,,,fase4_suspicious_simulated,background,S2,2026-07-01 09:33:25.387+02:00,2026-07-01 09:33:25.387+02:00,1,1,0,0,0,0,1,0,0,0,0,0,0,0,1,0,0,0,0,0,0,0,0,0,0,0,0,0,0,1
guid:{55857b6a-c0f6-6a44-4600-000000000c00},{55857b6a-c0f6-6a44-4600-000000000c00},3468,C:\ProgramData\Microsoft\Windows Defender\Platform\4.18.26050.15-0\MsMpEng.exe,msmpeng.exe,,NT AUTHORITY\SYSTEM,,,fase4_suspicious_simulated,background,S5,2026-07-01 09:39:55.954+02:00,2026-07-01 09:39:55.992+02:00,3,2,0,2,0,0,0,0,0,0,1,1,2,1,0,0,1,1,0,0,0,0,0,0,0,0,0,0,0,0
guid:{55857b6a-c0f8-6a44-6700-000000000c00},{55857b6a-c0f8-6a44-6700-000000000c00},5012,C:\WINDOWS\system32\sihost.exe,sihost.exe,,labwin\jjstestal,,,fase4_suspicious_simulated,background,,2026-07-01 09:33:52.284+02:00,2026-07-01 09:35:26.564+02:00,2,1,0,0,0,0,0,2,0,0,0,0,0,0,0,2,0,0,0,0,0,0,1,0,0,0,0,0,0,1
guid:{55857b6a-c0f8-6a44-7200-000000000c00},{55857b6a-c0f8-6a44-7200-000000000c00},4596,C:\WINDOWS\Explorer.EXE,explorer.exe,,labwin\jjstestal,,,fase4_suspicious_simulated,background,,2026-07-01 09:36:19.545+02:00,2026-07-01 09:41:05.800+02:00,16,1,0,0,0,0,16,0,0,0,0,0,0,0,16,0,0,0,0,0,0,0,0,0,0,0,0,0,0,1
guid:{55857b6a-c0f9-6a44-7d00-000000000c00},{55857b6a-c0f9-6a44-7d00-000000000c00},5856,C:\Program Files\WindowsApps\MicrosoftWindows.Client.WebExperience_526.1202.40.0_x64__cw5n1h2txyewy\WidgetBoard.exe,widgetboard.exe,,labwin\jjstestal,,,fase4_suspicious_simulated,background,,2026-07-01 09:32:48.423+02:00,2026-07-01 09:32:48.434+02:00,6,1,0,0,0,0,6,0,0,0,0,0,0,0,6,0,0,0,0,0,0,0,0,0,0,0,0,0,0,1
guid:{55857b6a-c0f9-6a44-8200-000000000c00},{55857b6a-c0f9-6a44-8200-000000000c00},6232,C:\Program Files\WindowsApps\Microsoft.WidgetsPlatformRuntime_1.6.15.0_x64__8wekyb3d8bbwe\WidgetService\WidgetService.exe,widgetservice.exe,,labwin\jjstestal,,,fase4_suspicious_simulated,background,,2026-07-01 09:32:48.374+02:00,2026-07-01 09:32:48.477+02:00,34,1,0,0,0,0,34,0,0,0,0,0,0,0,34,0,0,0,0,0,0,0,0,0,0,0,0,0,0,1
guid:{55857b6a-c0fb-6a44-8600-000000000c00},{55857b6a-c0fb-6a44-8600-000000000c00},6644,C:\Program Files (x86)\Microsoft\EdgeWebView\Application\149.0.4022.98\msedgewebview2.exe,msedgewebview2.exe,,labwin\jjstestal,,,fase4_suspicious_simulated,background,,2026-07-01 09:36:07.498+02:00,2026-07-01 09:39:11.532+02:00,16,1,0,0,0,0,16,0,0,0,0,0,0,0,16,0,0,0,0,0,0,0,0,0,0,0,0,0,0,1
guid:{55857b6a-c0fb-6a44-8a00-000000000c00},{55857b6a-c0fb-6a44-8a00-000000000c00},7320,C:\Program Files (x86)\Microsoft\EdgeWebView\Application\149.0.4022.98\msedgewebview2.exe,msedgewebview2.exe,,labwin\jjstestal,,,fase4_suspicious_simulated,background,,2026-07-01 09:31:07.751+02:00,2026-07-01 09:40:13.447+02:00,91,2,0,82,0,0,9,0,0,0,0,1,82,0,9,0,14,13,0,0,0,0,0,0,0,0,0,0,0,1
guid:{55857b6a-c0fe-6a44-9f00-000000000c00},{55857b6a-c0fe-6a44-9f00-000000000c00},5024,C:\Windows\System32\svchost.exe,svchost.exe,,NT AUTHORITY\SYSTEM,,,fase4_suspicious_simulated,background,,2026-07-01 09:32:08.085+02:00,2026-07-01 09:32:08.085+02:00,1,1,0,0,1,0,0,0,0,0,0,0,0,0,0,0,0,0,0,0,0,0,0,0,0,0,0,0,0,0
guid:{55857b6a-c101-6a44-a500-000000000c00},{55857b6a-c101-6a44-a500-000000000c00},8656,C:\Windows\System32\smartscreen.exe,smartscreen.exe,,labwin\jjstestal,,,fase4_suspicious_simulated,background,,2026-07-01 09:43:37.879+02:00,2026-07-01 09:43:37.879+02:00,1,1,0,0,1,0,0,0,0,0,0,0,0,0,0,0,0,0,0,0,0,0,0,0,0,0,0,0,0,0
guid:{55857b6a-c111-6a44-d900-000000000c00},{55857b6a-c111-6a44-d900-000000000c00},14124,C:\Windows\System32\svchost.exe,svchost.exe,,NT AUTHORITY\SYSTEM,,,fase4_suspicious_simulated,background,,2026-07-01 09:35:52.116+02:00,2026-07-01 09:40:50.343+02:00,8,2,0,4,0,0,0,0,0,0,4,1,4,4,0,0,4,4,0,0,0,0,0,0,0,0,0,0,0,0
guid:{55857b6a-c123-6a44-e300-000000000c00},{55857b6a-c123-6a44-e300-000000000c00},15312,C:\Windows\System32\svchost.exe,svchost.exe,,NT AUTHORITY\SERVICIO LOCAL,,,fase4_suspicious_simulated,background,S2,2026-07-01 09:33:29.391+02:00,2026-07-01 09:33:31.675+02:00,2,1,0,2,0,0,0,0,0,0,0,1,2,0,0,0,2,1,0,0,0,0,0,0,0,0,0,0,0,0
guid:{55857b6a-c135-6a44-e600-000000000c00},{55857b6a-c135-6a44-e600-000000000c00},15716,C:\Windows\System32\taskhostw.exe,taskhostw.exe,,labwin\jjstestal,,,fase4_suspicious_simulated,background,,2026-07-01 09:40:45.405+02:00,2026-07-01 09:40:45.405+02:00,1,1,0,0,1,0,0,0,0,0,0,0,0,0,0,0,0,0,0,0,0,0,0,0,0,0,0,0,0,0
guid:{55857b6a-c170-6a44-0101-000000000c00},{55857b6a-c170-6a44-0101-000000000c00},15224,C:\WINDOWS\System32\svchost.exe,svchost.exe,,NT AUTHORITY\Servicio de red,,,fase4_suspicious_simulated,background,,2026-07-01 09:35:58.870+02:00,2026-07-01 09:36:01.244+02:00,8,3,0,4,0,0,2,0,0,0,2,1,4,2,2,0,3,3,0,0,0,0,0,0,0,0,0,0,0,1
guid:{55857b6a-c19b-6a44-2101-000000000c00},{55857b6a-c19b-6a44-2101-000000000c00},1708,C:\WINDOWS\System32\WindowsPowerShell\v1.0\powershell.exe,powershell.exe,,labwin\jjstestal,,,fase4_suspicious_simulated,suspicious_simulated,S1;S2;S3;S4;S5;S6;S7,2026-07-01 09:31:16.565+02:00,2026-07-01 09:44:25.214+02:00,36,3,0,1,0,0,31,0,0,0,4,1,1,4,31,0,1,1,1,0,1,1,0,0,0,1,1,0,0,7
guid:{55857b6a-c237-6a44-3401-000000000c00},{55857b6a-c237-6a44-3401-000000000c00},11708,C:\Windows\System32\wevtutil.exe,wevtutil.exe,"""C:\WINDOWS\system32\wevtutil.exe"" cl Microsoft-Windows-Sysmon/Operational",labwin\jjstestal,C:\Windows\System32\WindowsPowerShell\v1.0\powershell.exe,powershell.exe,fase4_suspicious_simulated,background,,2026-07-01 09:31:03.136+02:00,2026-07-01 09:31:03.146+02:00,2,2,1,0,1,0,0,0,0,0,0,0,0,0,0,0,0,0,0,0,1,0,0,0,0,0,0,0,74,1
guid:{55857b6a-c237-6a44-3501-000000000c00},{55857b6a-c237-6a44-3501-000000000c00},11772,C:\Windows\System32\wevtutil.exe,wevtutil.exe,"""C:\WINDOWS\system32\wevtutil.exe"" cl Microsoft-Windows-PowerShell/Operational",labwin\jjstestal,C:\Windows\System32\WindowsPowerShell\v1.0\powershell.exe,powershell.exe,fase4_suspicious_simulated,background,,2026-07-01 09:31:03.776+02:00,2026-07-01 09:31:03.783+02:00,2,2,1,0,1,0,0,0,0,0,0,0,0,0,0,0,0,0,0,0,1,0,0,0,0,0,0,0,78,1
guid:{55857b6a-c292-6a44-3601-000000000c00},{55857b6a-c292-6a44-3601-000000000c00},14700,C:\Users\JJSTES~1\AppData\Local\Temp\TFMTest\svchost-test.exe,svchost-test.exe,"""C:\Users\JJSTES~1\AppData\Local\Temp\TFMTest\svchost-test.exe"" ",labwin\jjstestal,C:\Windows\System32\WindowsPowerShell\v1.0\powershell.exe,powershell.exe,fase4_suspicious_simulated,suspicious_simulated,S1,2026-07-01 09:32:34.142+02:00,2026-07-01 09:32:34.161+02:00,3,3,1,0,1,1,0,0,0,0,0,0,0,0,0,0,0,0,1,1,1,0,0,0,0,0,0,1,64,5
guid:{55857b6a-c294-6a44-3701-000000000c00},{55857b6a-c294-6a44-3701-000000000c00},4544,C:\Windows\System32\wbem\WmiPrvSE.exe,wmiprvse.exe,C:\WINDOWS\system32\wbem\wmiprvse.exe -secured -Embedding,NT AUTHORITY\Servicio de red,-,-,fase4_suspicious_simulated,background,S1;S2,2026-07-01 09:32:36.997+02:00,2026-07-01 09:34:55.969+02:00,3,3,1,0,1,0,1,0,0,0,0,0,0,0,1,0,0,0,0,0,0,0,0,0,0,0,0,0,57,1
guid:{55857b6a-c2c5-6a44-3801-000000000c00},{55857b6a-c2c5-6a44-3801-000000000c00},5308,C:\Windows\System32\taskhostw.exe,taskhostw.exe,taskhostw.exe,NT AUTHORITY\SYSTEM,-,-,fase4_suspicious_simulated,background,S2,2026-07-01 09:33:25.320+02:00,2026-07-01 09:33:35.256+02:00,25,5,1,20,1,0,1,0,0,0,2,1,20,2,1,0,1,1,0,0,0,0,0,0,0,0,0,0,13,1
guid:{55857b6a-c2c5-6a44-3901-000000000c00},{55857b6a-c2c5-6a44-3901-000000000c00},5372,C:\Windows\System32\wermgr.exe,wermgr.exe,"""C:\WINDOWS\system32\wermgr.exe"" -upload",NT AUTHORITY\SYSTEM,-,-,fase4_suspicious_simulated,background,S2,2026-07-01 09:33:25.319+02:00,2026-07-01 09:33:25.368+02:00,4,3,1,0,1,0,2,0,0,0,0,0,0,0,2,0,0,0,1,0,0,0,0,0,0,0,0,1,40,1
guid:{55857b6a-c2c5-6a44-3a01-000000000c00},{55857b6a-c2c5-6a44-3a01-000000000c00},4532,C:\Program Files\Mozilla Firefox\firefox.exe,firefox.exe,"""C:\Program Files\Mozilla Firefox\firefox.exe"" --MOZ_LOG sync,prependheader,timestamp,append,maxsize:1,Dump:5 --MOZ_LOG_FILE C:\ProgramData\Mozilla-1de4eec8-1241-4177-a864-e594e8d1fb38\updates\308046B0AF4A39CB\backgroundupdate.moz_log --backgroundtask backgroundupdate",labwin\jjstestal,-,-,fase4_suspicious_simulated,background,S2,2026-07-01 09:33:25.321+02:00,2026-07-01 09:33:36.782+02:00,2,2,1,0,1,0,0,0,0,0,0,0,0,0,0,0,0,0,0,0,0,0,0,0,0,0,0,1,268,0
guid:{55857b6a-c2c5-6a44-3b01-000000000c00},{55857b6a-c2c5-6a44-3b01-000000000c00},7612,C:\Windows\System32\UIEOrchestratorStub.exe,uieorchestratorstub.exe,"""C:\WINDOWS\system32\UIEOrchestratorStub.exe"" /SendHeartbeat",NT AUTHORITY\SYSTEM,-,-,fase4_suspicious_simulated,background,S2,2026-07-01 09:33:25.323+02:00,2026-07-01 09:33:25.964+02:00,2,2,1,0,1,0,0,0,0,0,0,0,0,0,0,0,0,0,0,0,0,0,0,0,0,0,0,1,60,0
guid:{55857b6a-c2c5-6a44-3c01-000000000c00},{55857b6a-c2c5-6a44-3c01-000000000c00},5840,C:\Windows\System32\DeviceCensus.exe,devicecensus.exe,"""C:\WINDOWS\system32\devicecensus.exe"" SystemCxt",NT AUTHORITY\SYSTEM,-,-,fase4_suspicious_simulated,background,S2,2026-07-01 09:33:25.325+02:00,2026-07-01 09:33:27.243+02:00,4,3,1,0,1,0,2,0,0,0,0,0,0,0,2,0,0,0,0,0,0,0,0,0,0,0,0,1,48,1
guid:{55857b6a-c2c5-6a44-3d01-000000000c00},{55857b6a-c2c5-6a44-3d01-000000000c00},6096,C:\Windows\System32\wsqmcons.exe,wsqmcons.exe,"""C:\WINDOWS\System32\wsqmcons.exe""",NT AUTHORITY\SYSTEM,-,-,fase4_suspicious_simulated,background,S2,2026-07-01 09:33:25.327+02:00,2026-07-01 09:33:25.334+02:00,2,2,1,0,1,0,0,0,0,0,0,0,0,0,0,0,0,0,0,0,0,0,0,0,0,0,0,1,34,0
guid:{55857b6a-c2c5-6a44-3e01-000000000c00},{55857b6a-c2c5-6a44-3e01-000000000c00},6052,C:\Windows\System32\Microsoft.Data.UsageAndQualityInsights.MaintenanceTask.exe,microsoft.data.usageandqualityinsights.maintenancetask.exe,"""C:\WINDOWS\System32\Microsoft.Data.UsageAndQualityInsights.MaintenanceTask.exe""",NT AUTHORITY\SYSTEM,-,-,fase4_suspicious_simulated,background,S2,2026-07-01 09:33:25.328+02:00,2026-07-01 09:33:25.340+02:00,2,2,1,0,1,0,0,0,0,0,0,0,0,0,0,0,0,0,0,0,0,0,0,0,0,0,0,1,80,0
guid:{55857b6a-c2c5-6a44-3f01-000000000c00},{55857b6a-c2c5-6a44-3f01-000000000c00},6056,C:\Windows\System32\sc.exe,sc.exe,"""C:\WINDOWS\system32\sc.exe"" start pushtoinstall registration",NT AUTHORITY\SYSTEM,-,-,fase4_suspicious_simulated,background,S2,2026-07-01 09:33:25.333+02:00,2026-07-01 09:33:25.382+02:00,2,2,1,0,1,0,0,0,0,0,0,0,0,0,0,0,0,0,0,0,0,0,0,0,1,0,1,1,61,1
guid:{55857b6a-c2c5-6a44-4001-000000000c00},{55857b6a-c2c5-6a44-4001-000000000c00},6008,C:\Windows\System32\rundll32.exe,rundll32.exe,"""C:\WINDOWS\system32\rundll32.exe"" C:\WINDOWS\system32\PcaSvc.dll,PcaPatchSdbTask",NT AUTHORITY\SYSTEM,-,-,fase4_suspicious_simulated,background,S2,2026-07-01 09:33:25.333+02:00,2026-07-01 09:33:25.377+02:00,2,2,1,0,1,0,0,0,0,0,0,0,0,0,0,0,0,0,0,0,0,0,0,0,0,0,1,1,81,0
guid:{55857b6a-c2c5-6a44-4101-000000000c00},{55857b6a-c2c5-6a44-4101-000000000c00},8912,C:\Windows\System32\conhost.exe,conhost.exe,\??\C:\WINDOWS\system32\conhost.exe 0xffffffff -ForceV1,NT AUTHORITY\SYSTEM,C:\Windows\System32\sc.exe,sc.exe,fase4_suspicious_simulated,background,S2,2026-07-01 09:33:25.341+02:00,2026-07-01 09:33:25.383+02:00,2,2,1,0,1,0,0,0,0,0,0,0,0,0,0,0,0,0,0,0,0,0,0,0,0,0,0,1,55,1
guid:{55857b6a-c2c5-6a44-4201-000000000c00},{55857b6a-c2c5-6a44-4201-000000000c00},8916,C:\Program Files\Mozilla Firefox\firefox.exe,firefox.exe,"""C:\Program Files\Mozilla Firefox\firefox.exe"" --MOZ_LOG sync,prependheader,timestamp,append,maxsize:1,Dump:5 --MOZ_LOG_FILE C:\ProgramData\Mozilla-1de4eec8-1241-4177-a864-e594e8d1fb38\updates\308046B0AF4A39CB\backgroundupdate.moz_log --backgroundtask backgroundupdate",labwin\jjstestal,C:\Program Files\Mozilla Firefox\firefox.exe,firefox.exe,fase4_suspicious_simulated,background,S2;S3,2026-07-01 09:33:25.342+02:00,2026-07-01 09:33:37.833+02:00,90,5,1,7,1,0,70,0,0,0,11,1,7,11,70,0,4,3,1,0,0,0,0,0,0,1,0,0,268,3
guid:{55857b6a-c2c5-6a44-4301-000000000c00},{55857b6a-c2c5-6a44-4301-000000000c00},6852,C:\Windows\UUS\amd64\UIEOrchestrator.exe,uieorchestrator.exe,/SendHeartbeat,NT AUTHORITY\SYSTEM,C:\Windows\System32\UIEOrchestratorStub.exe,uieorchestratorstub.exe,fase4_suspicious_simulated,background,S2,2026-07-01 09:33:25.347+02:00,2026-07-01 09:33:25.962+02:00,2,2,1,0,1,0,0,0,0,0,0,0,0,0,0,0,0,0,0,0,0,0,0,0,0,0,0,1,14,0
guid:{55857b6a-c2c5-6a44-4401-000000000c00},{55857b6a-c2c5-6a44-4401-000000000c00},8004,C:\Windows\System32\svchost.exe,svchost.exe,C:\WINDOWS\System32\svchost.exe -k netsvcs -p -s PushToInstall,NT AUTHORITY\SYSTEM,-,-,fase4_suspicious_simulated,background,S2,2026-07-01 09:33:25.367+02:00,2026-07-01 09:33:30.694+02:00,3,3,1,0,1,0,0,0,0,0,1,0,0,1,0,0,0,0,0,0,0,0,0,0,0,0,0,0,62,0
guid:{55857b6a-c2c5-6a44-4501-000000000c00},{55857b6a-c2c5-6a44-4501-000000000c00},6404,C:\Program Files\Mozilla Firefox\crashhelper.exe,crashhelper.exe,"""C:\Program Files\Mozilla Firefox\crashhelper.exe"" ""8916"" ""\\.\pipe\gecko-crash-server-pipe.8916"" ""C:\Users\JJSTES~1\AppData\Local\Temp\\"" ""784"" ""796"" ""812""",labwin\jjstestal,C:\Program Files\Mozilla Firefox\firefox.exe,firefox.exe,fase4_suspicious_simulated,background,S2,2026-07-01 09:33:25.403+02:00,2026-07-01 09:33:36.781+02:00,2,2,1,0,1,0,0,0,0,0,0,0,0,0,0,0,0,0,1,1,0,0,0,0,0,0,0,1,156,2
guid:{55857b6a-c2c5-6a44-4601-000000000c00},{55857b6a-c2c5-6a44-4601-000000000c00},13548,C:\Windows\System32\taskhostw.exe,taskhostw.exe,taskhostw.exe,labwin\jjstestal,-,-,fase4_suspicious_simulated,background,S2,2026-07-01 09:33:25.428+02:00,2026-07-01 09:33:25.939+02:00,2,2,1,0,1,0,0,0,0,0,0,0,0,0,0,0,0,0,0,0,0,0,0,0,0,0,0,0,13,0
guid:{55857b6a-c2c5-6a44-4701-000000000c00},{55857b6a-c2c5-6a44-4701-000000000c00},13616,C:\Windows\SystemApps\MicrosoftWindows.Client.CBS_cw5n1h2txyewy\SoftLandingTask\SoftLandingTask.exe,softlandingtask.exe,"""C:\WINDOWS\SystemApps\MicrosoftWindows.Client.CBS_cw5n1h2txyewy\SoftLandingTask\SoftLandingTask.exe"" -Embedding",labwin\jjstestal,-,-,fase4_suspicious_simulated,background,S2,2026-07-01 09:33:25.445+02:00,2026-07-01 09:34:25.572+02:00,4,4,1,1,1,0,0,0,0,0,1,1,1,1,0,0,1,1,0,0,0,0,0,0,0,0,0,1,112,0
guid:{55857b6a-c2c5-6a44-4801-000000000c00},{55857b6a-c2c5-6a44-4801-000000000c00},13448,C:\Windows\System32\backgroundTaskHost.exe,backgroundtaskhost.exe,"""C:\WINDOWS\system32\BackgroundTaskHost.exe"" -ServerName:BackgroundTaskHost.WebAccountProvider",labwin\jjstestal,-,-,fase4_suspicious_simulated,background,S2,2026-07-01 09:33:25.602+02:00,2026-07-01 09:33:25.681+02:00,2,2,1,0,1,0,0,0,0,0,0,0,0,0,0,0,0,0,0,0,0,0,0,0,0,0,0,0,94,0
guid:{55857b6a-c2c5-6a44-4901-000000000c00},{55857b6a-c2c5-6a44-4901-000000000c00},13452,C:\Windows\System32\RuntimeBroker.exe,runtimebroker.exe,C:\Windows\System32\RuntimeBroker.exe -Embedding,labwin\jjstestal,-,-,fase4_suspicious_simulated,background,S2,2026-07-01 09:33:25.645+02:00,2026-07-01 09:34:10.704+02:00,2,2,1,0,1,0,0,0,0,0,0,0,0,0,0,0,0,0,0,0,0,0,0,0,0,0,0,0,48,0
guid:{55857b6a-c2c5-6a44-4a01-000000000c00},{55857b6a-c2c5-6a44-4a01-000000000c00},13256,C:\Windows\UUS\amd64\MoUsoCoreWorker.exe,mousocoreworker.exe,"""C:\WINDOWS\uus\AMD64\MoUsoCoreWorker.exe"" useprivatenamespaces",NT AUTHORITY\SYSTEM,C:\Windows\System32\svchost.exe,svchost.exe,fase4_suspicious_simulated,background,S2,2026-07-01 09:33:25.763+02:00,2026-07-01 09:35:27.232+02:00,2,2,1,0,1,0,0,0,0,0,0,0,0,0,0,0,0,0,0,0,0,0,0,0,0,0,0,0,63,0
guid:{55857b6a-c2c5-6a44-4b01-000000000c00},{55857b6a-c2c5-6a44-4b01-000000000c00},13360,C:\Windows\System32\svchost.exe,svchost.exe,C:\WINDOWS\System32\svchost.exe -k netsvcs -p -s BITS,NT AUTHORITY\SYSTEM,-,-,fase4_suspicious_simulated,background,S2,2026-07-01 09:33:25.845+02:00,2026-07-01 09:35:30.071+02:00,3,3,1,0,1,0,0,0,0,0,1,0,0,1,0,0,0,0,0,0,0,0,0,0,0,0,0,0,53,0
guid:{55857b6a-c2c5-6a44-4c01-000000000c00},{55857b6a-c2c5-6a44-4c01-000000000c00},12868,C:\Windows\System32\svchost.exe,svchost.exe,C:\WINDOWS\system32\svchost.exe -k wusvcs -p -s WaaSMedicSvc,NT AUTHORITY\SYSTEM,-,-,fase4_suspicious_simulated,background,S2,2026-07-01 09:33:25.870+02:00,2026-07-01 09:34:26.061+02:00,2,2,1,0,1,0,0,0,0,0,0,0,0,0,0,0,0,0,0,0,0,0,0,0,0,0,0,0,60,0
guid:{55857b6a-c2c5-6a44-4d01-000000000c00},{55857b6a-c2c5-6a44-4d01-000000000c00},13992,C:\Windows\System32\sppsvc.exe,sppsvc.exe,C:\WINDOWS\system32\sppsvc.exe,NT AUTHORITY\Servicio de red,-,-,fase4_suspicious_simulated,background,S2,2026-07-01 09:33:25.938+02:00,2026-07-01 09:34:03.289+02:00,2,2,1,0,1,0,0,0,0,0,0,0,0,0,0,0,0,0,0,0,0,0,0,0,0,0,0,0,30,0
guid:{55857b6a-c2c6-6a44-4e01-000000000c00},{55857b6a-c2c6-6a44-4e01-000000000c00},13144,C:\Windows\UUS\amd64\MoNotificationUx.exe,monotificationux.exe,C:\WINDOWS\uus\AMD64\MoNotificationUx.exe /ClearActiveNotifications /CV XieKT2R3lUGGuSGJ.1.0.0,labwin\jjstestal,C:\Windows\UUS\amd64\MoUsoCoreWorker.exe,mousocoreworker.exe,fase4_suspicious_simulated,background,S2,2026-07-01 09:33:26.063+02:00,2026-07-01 09:33:26.110+02:00,2,2,1,0,1,0,0,0,0,0,0,0,0,0,0,0,0,0,0,0,0,0,0,0,0,0,0,1,94,0
guid:{55857b6a-c2c6-6a44-4f01-000000000c00},{55857b6a-c2c6-6a44-4f01-000000000c00},7968,C:\Windows\System32\svchost.exe,svchost.exe,C:\WINDOWS\system32\svchost.exe -k WbioSvcGroup -s WbioSrvc,NT AUTHORITY\SYSTEM,-,-,fase4_suspicious_simulated,background,S2,2026-07-01 09:33:26.325+02:00,2026-07-01 09:36:44.772+02:00,2,2,1,0,1,0,0,0,0,0,0,0,0,0,0,0,0,0,0,0,0,0,0,0,0,0,0,0,59,0
guid:{55857b6a-c2c6-6a44-5001-000000000c00},{55857b6a-c2c6-6a44-5001-000000000c00},5724,C:\Windows\System32\svchost.exe,svchost.exe,C:\WINDOWS\system32\svchost.exe -k LocalSystemNetworkRestricted -p -s NgcSvc,NT AUTHORITY\SYSTEM,-,-,fase4_suspicious_simulated,background,S2,2026-07-01 09:33:26.372+02:00,2026-07-01 09:36:26.379+02:00,2,2,1,0,1,0,0,0,0,0,0,0,0,0,0,0,0,0,0,0,0,0,0,0,0,0,0,0,76,0
guid:{55857b6a-c2c6-6a44-5101-000000000c00},{55857b6a-c2c6-6a44-5101-000000000c00},9988,C:\Windows\System32\svchost.exe,svchost.exe,C:\WINDOWS\system32\svchost.exe -k LocalServiceNetworkRestricted -p,NT AUTHORITY\SERVICIO LOCAL,-,-,fase4_suspicious_simulated,background,S2,2026-07-01 09:33:26.419+02:00,2026-07-01 09:41:26.395+02:00,2,2,1,0,1,0,0,0,0,0,0,0,0,0,0,0,0,0,0,0,0,0,0,0,0,0,0,0,67,0
guid:{55857b6a-c2c6-6a44-5201-000000000c00},{55857b6a-c2c6-6a44-5201-000000000c00},10324,C:\Windows\System32\WindowsPowerShell\v1.0\powershell.exe,powershell.exe,"""C:\WINDOWS\System32\WindowsPowerShell\v1.0\powershell.exe"" -NoProfile -EncodedCommand VwByAGkAdABlAC0ATwB1AHQAcAB1AHQAIAAiAFQARgBNACAARgBhAHMAZQAgADQAIABwAHIAdQBlAGIAYQAgAGIAZQBuAGkAZwBuAGEAIABlAG4AYwBvAGQAZQBkACAAYwBvAG0AbQBhAG4AZAAiACAAfAAgAE8AdQB0AC0ARgBpAGwAZQAgAEMAOgBcAFQARgBNAF8AVAByAGkAYQBnAGUAXAByAGUAcABvAHIAdABzAFwAZgBhAHMAZQA0AF8AUwAyAF8AZQBuAGMAbwBkAGUAZABfAG8AdQB0AHAAdQB0AC4AdAB4AHQA",labwin\jjstestal,C:\Windows\System32\WindowsPowerShell\v1.0\powershell.exe,powershell.exe,fase4_suspicious_simulated,suspicious_simulated,S2,2026-07-01 09:33:26.561+02:00,2026-07-01 09:33:27.277+02:00,6,3,1,0,1,0,4,0,0,0,0,0,0,0,4,0,0,0,1,0,1,1,0,0,0,1,1,0,399,6
guid:{55857b6a-c2c7-6a44-5301-000000000c00},{55857b6a-c2c7-6a44-5301-000000000c00},15560,C:\Windows\System32\svchost.exe,svchost.exe,C:\WINDOWS\system32\svchost.exe -k netsvcs -p -s wisvc,NT AUTHORITY\SYSTEM,-,-,fase4_suspicious_simulated,background,S2,2026-07-01 09:33:27.490+02:00,2026-07-01 09:35:27.962+02:00,4,4,1,1,1,0,0,0,0,0,1,1,1,1,0,0,1,1,0,0,0,0,0,0,0,0,0,0,54,0
guid:{55857b6a-c2c7-6a44-5401-000000000c00},{55857b6a-c2c7-6a44-5401-000000000c00},15628,C:\Windows\System32\svchost.exe,svchost.exe,C:\WINDOWS\system32\svchost.exe -k WuqiSvcGroup -p -s wuqisvc,NT AUTHORITY\SERVICIO LOCAL,-,-,fase4_suspicious_simulated,background,S2,2026-07-01 09:33:27.515+02:00,2026-07-01 09:33:27.515+02:00,1,1,1,0,0,0,0,0,0,0,0,0,0,0,0,0,0,0,0,0,0,0,0,0,0,0,0,0,61,0
guid:{55857b6a-c2c8-6a44-5501-000000000c00},{55857b6a-c2c8-6a44-5501-000000000c00},11624,C:\Windows\servicing\TrustedInstaller.exe,trustedinstaller.exe,C:\WINDOWS\servicing\TrustedInstaller.exe,NT AUTHORITY\SYSTEM,-,-,fase4_suspicious_simulated,background,S2,2026-07-01 09:33:28.600+02:00,2026-07-01 09:35:31.097+02:00,2,2,1,0,1,0,0,0,0,0,0,0,0,0,0,0,0,0,0,0,0,0,0,0,0,0,0,0,41,0
guid:{55857b6a-c2c8-6a44-5601-000000000c00},{55857b6a-c2c8-6a44-5601-000000000c00},856,C:\Windows\WinSxS\amd64_microsoft-windows-servicingstack_31bf3856ad364e35_10.0.26100.8648_none_a50ef8e3775e8e5e\TiWorker.exe,tiworker.exe,C:\WINDOWS\winsxs\amd64_microsoft-windows-servicingstack_31bf3856ad364e35_10.0.26100.8648_none_a50ef8e3775e8e5e\TiWorker.exe -Embedding,NT AUTHORITY\SYSTEM,-,-,fase4_suspicious_simulated,background,S2,2026-07-01 09:33:28.623+02:00,2026-07-01 09:35:31.092+02:00,2,2,1,0,1,0,0,0,0,0,0,0,0,0,0,0,0,0,0,0,0,0,0,0,0,0,0,0,135,0
guid:{55857b6a-c2ca-6a44-5701-000000000c00},{55857b6a-c2ca-6a44-5701-000000000c00},13692,C:\Program Files\Mozilla Firefox\updater.exe,updater.exe,"""C:\Program Files\Mozilla Firefox\updater.exe"" 3 C:\ProgramData\Mozilla-1de4eec8-1241-4177-a864-e594e8d1fb38\updates\308046B0AF4A39CB\updates\0 ""C:\Program Files\Mozilla Firefox"" ""C:\Program Files\Mozilla Firefox\updated"" first -1",labwin\jjstestal,C:\Program Files\Mozilla Firefox\firefox.exe,firefox.exe,fase4_suspicious_simulated,background,S2,2026-07-01 09:33:30.029+02:00,2026-07-01 09:33:34.041+02:00,2,2,1,0,1,0,0,0,0,0,0,0,0,0,0,0,0,0,0,0,0,0,0,0,0,0,0,1,230,0
guid:{55857b6a-c2ca-6a44-5801-000000000c00},{55857b6a-c2ca-6a44-5801-000000000c00},7540,C:\Program Files (x86)\Mozilla Maintenance Service\maintenanceservice.exe,maintenanceservice.exe,"""C:\Program Files (x86)\Mozilla Maintenance Service\maintenanceservice.exe""",NT AUTHORITY\SYSTEM,-,-,fase4_suspicious_simulated,background,S2,2026-07-01 09:33:30.055+02:00,2026-07-01 09:33:33.954+02:00,12,5,1,1,1,0,8,0,0,0,1,1,1,1,8,0,1,1,0,0,0,0,0,0,0,0,0,1,75,1
guid:{55857b6a-c2ca-6a44-5901-000000000c00},{55857b6a-c2ca-6a44-5901-000000000c00},11064,C:\Program Files (x86)\Mozilla Maintenance Service\update\updater.exe,updater.exe,"""C:\Program Files\Mozilla Firefox\updater.exe"" 3 C:\ProgramData\Mozilla-1de4eec8-1241-4177-a864-e594e8d1fb38\updates\308046B0AF4A39CB\updates\0 ""C:\Program Files\Mozilla Firefox"" ""C:\Program Files\Mozilla Firefox\updated"" second -1",NT AUTHORITY\SYSTEM,C:\Program Files (x86)\Mozilla Maintenance Service\maintenanceservice.exe,maintenanceservice.exe,fase4_suspicious_simulated,background,S2,2026-07-01 09:33:30.430+02:00,2026-07-01 09:33:33.943+02:00,2,2,1,0,1,0,0,0,0,0,0,0,0,0,0,0,0,0,0,0,0,0,0,0,0,0,0,1,231,0
guid:{55857b6a-c2ce-6a44-5a01-000000000c00},{55857b6a-c2ce-6a44-5a01-000000000c00},4280,C:\Program Files\Mozilla Firefox\firefox.exe,firefox.exe,"""C:\Program Files\Mozilla Firefox\firefox.exe"" -contentproc -parentBuildID 20260624221428 -prefsHandle 2464:26977 -prefMapHandle 2476:294749 -ipcHandle 2488 -initialChannelId {b4d71b3b-0176-4335-a5ef-32e99a62869d} -parentPid 8916 -crashReporter ""\\.\pipe\gecko-crash-server-pipe.8916"" -crashHelperPid 0 -crashHelper 2500 -win32kLockedDown -appDir ""C:\Program Files\Mozilla Firefox\browser"" - 1 socket",labwin\jjstestal,C:\Program Files\Mozilla Firefox\firefox.exe,firefox.exe,fase4_suspicious_simulated,background,,2026-07-01 09:33:34.293+02:00,2026-07-01 09:33:36.756+02:00,4,3,1,2,1,0,0,0,0,0,0,1,2,0,0,0,1,0,0,0,0,0,0,0,0,0,0,0,400,0
guid:{55857b6a-c2ce-6a44-5b01-000000000c00},{55857b6a-c2ce-6a44-5b01-000000000c00},6760,C:\Windows\System32\taskhostw.exe,taskhostw.exe,taskhostw.exe,NT AUTHORITY\SYSTEM,-,-,fase4_suspicious_simulated,background,,2026-07-01 09:33:34.454+02:00,2026-07-01 09:33:34.466+02:00,2,2,1,0,1,0,0,0,0,0,0,0,0,0,0,0,0,0,0,0,0,0,0,0,0,0,0,0,13,0
guid:{55857b6a-c2d6-6a44-5c01-000000000c00},{55857b6a-c2d6-6a44-5c01-000000000c00},9176,C:\Windows\System32\reg.exe,reg.exe,"""C:\WINDOWS\system32\reg.exe"" add HKCU\Software\Microsoft\Windows\CurrentVersion\Run /v TFMTest /t REG_SZ /d C:\Windows\System32\notepad.exe /f",labwin\jjstestal,C:\Windows\System32\WindowsPowerShell\v1.0\powershell.exe,powershell.exe,fase4_suspicious_simulated,suspicious_simulated,S3,2026-07-01 09:33:42.269+02:00,2026-07-01 09:33:42.276+02:00,4,4,1,0,1,0,0,1,1,0,0,0,0,0,0,2,0,0,0,0,1,0,1,0,0,0,1,0,143,3
guid:{55857b6a-c2d8-6a44-5d01-000000000c00},{55857b6a-c2d8-6a44-5d01-000000000c00},8008,C:\Windows\System32\reg.exe,reg.exe,"""C:\WINDOWS\system32\reg.exe"" delete HKCU\Software\Microsoft\Windows\CurrentVersion\Run /v TFMTest /f",labwin\jjstestal,C:\Windows\System32\WindowsPowerShell\v1.0\powershell.exe,powershell.exe,fase4_suspicious_simulated,suspicious_simulated,S3,2026-07-01 09:33:44.512+02:00,2026-07-01 09:33:44.517+02:00,3,3,1,0,1,0,0,1,0,0,0,0,0,0,0,1,0,0,0,0,1,0,1,0,0,0,1,0,101,3
guid:{55857b6a-c301-6a44-5e01-000000000c00},{55857b6a-c301-6a44-5e01-000000000c00},9248,C:\Windows\ImmersiveControlPanel\SystemSettings.exe,systemsettings.exe,"""C:\Windows\ImmersiveControlPanel\SystemSettings.exe"" -ServerName:microsoft.windows.immersivecontrolpanel",labwin\jjstestal,-,-,fase4_suspicious_simulated,background,,2026-07-01 09:34:25.543+02:00,2026-07-01 09:34:29.326+02:00,13,4,1,2,0,0,9,0,0,0,1,1,2,1,9,0,1,1,0,0,0,0,0,0,0,0,0,1,105,1
guid:{55857b6a-c301-6a44-5f01-000000000c00},{55857b6a-c301-6a44-5f01-000000000c00},15868,C:\Windows\System32\ApplicationFrameHost.exe,applicationframehost.exe,C:\WINDOWS\system32\ApplicationFrameHost.exe -Embedding,labwin\jjstestal,-,-,fase4_suspicious_simulated,background,,2026-07-01 09:34:25.545+02:00,2026-07-01 09:34:25.545+02:00,1,1,1,0,0,0,0,0,0,0,0,0,0,0,0,0,0,0,0,0,0,0,0,0,0,0,0,1,55,0
guid:{55857b6a-c302-6a44-6001-000000000c00},{55857b6a-c302-6a44-6001-000000000c00},16188,C:\Windows\System32\svchost.exe,svchost.exe,C:\WINDOWS\system32\svchost.exe -k LocalService -p -s SstpSvc,NT AUTHORITY\SERVICIO LOCAL,-,-,fase4_suspicious_simulated,background,,2026-07-01 09:34:26.012+02:00,2026-07-01 09:34:26.012+02:00,1,1,1,0,0,0,0,0,0,0,0,0,0,0,0,0,0,0,0,0,0,0,0,0,0,0,0,0,61,0
guid:{55857b6a-c302-6a44-6101-000000000c00},{55857b6a-c302-6a44-6101-000000000c00},9012,C:\Windows\System32\svchost.exe,svchost.exe,C:\WINDOWS\system32\svchost.exe -k wusvcs -p -s WaaSMedicSvc,NT AUTHORITY\SYSTEM,-,-,fase4_suspicious_simulated,background,,2026-07-01 09:34:26.131+02:00,2026-07-01 09:35:26.329+02:00,2,2,1,0,1,0,0,0,0,0,0,0,0,0,0,0,0,0,0,0,0,0,0,0,0,0,0,0,60,0
guid:{55857b6a-c303-6a44-6201-000000000c00},{55857b6a-c303-6a44-6201-000000000c00},14380,C:\Windows\System32\svchost.exe,svchost.exe,C:\WINDOWS\System32\svchost.exe -k netsvcs,NT AUTHORITY\SYSTEM,-,-,fase4_suspicious_simulated,background,,2026-07-01 09:34:27.043+02:00,2026-07-01 09:34:27.043+02:00,1,1,1,0,0,0,0,0,0,0,0,0,0,0,0,0,0,0,0,0,0,0,0,0,0,0,0,0,42,0
guid:{55857b6a-c303-6a44-6301-000000000c00},{55857b6a-c303-6a44-6301-000000000c00},2964,C:\Windows\System32\taskhostw.exe,taskhostw.exe,taskhostw.exe,NT AUTHORITY\SYSTEM,-,-,fase4_suspicious_simulated,background,,2026-07-01 09:34:27.946+02:00,2026-07-01 09:34:30.326+02:00,3,3,1,0,1,0,0,0,0,0,1,0,0,1,0,0,0,0,0,0,0,0,0,0,0,0,0,0,13,0
guid:{55857b6a-c304-6a44-6401-000000000c00},{55857b6a-c304-6a44-6401-000000000c00},12408,C:\Windows\System32\sppsvc.exe,sppsvc.exe,C:\WINDOWS\system32\sppsvc.exe,NT AUTHORITY\Servicio de red,-,-,fase4_suspicious_simulated,background,,2026-07-01 09:34:28.241+02:00,2026-07-01 09:34:58.552+02:00,2,2,1,0,1,0,0,0,0,0,0,0,0,0,0,0,0,0,0,0,0,0,0,0,0,0,0,0,30,0
guid:{55857b6a-c334-6a44-6501-000000000c00},{55857b6a-c334-6a44-6501-000000000c00},15940,C:\Windows\System32\reg.exe,reg.exe,"""C:\WINDOWS\system32\reg.exe"" add HKCU\Software\Microsoft\Windows\CurrentVersion\Run /v TFMTest /t REG_SZ /d C:\Windows\System32\notepad.exe /f",labwin\jjstestal,C:\Windows\System32\WindowsPowerShell\v1.0\powershell.exe,powershell.exe,fase4_suspicious_simulated,suspicious_simulated,S3,2026-07-01 09:35:16.547+02:00,2026-07-01 09:35:16.551+02:00,4,4,1,0,1,0,0,1,1,0,0,0,0,0,0,2,0,0,0,0,1,0,1,0,0,0,1,0,143,3
guid:{55857b6a-c334-6a44-6601-000000000c00},{55857b6a-c334-6a44-6601-000000000c00},6224,C:\Windows\System32\reg.exe,reg.exe,"""C:\WINDOWS\system32\reg.exe"" query HKCU\Software\Microsoft\Windows\CurrentVersion\Run",labwin\jjstestal,C:\Windows\System32\WindowsPowerShell\v1.0\powershell.exe,powershell.exe,fase4_suspicious_simulated,suspicious_simulated,S3,2026-07-01 09:35:16.579+02:00,2026-07-01 09:35:16.584+02:00,2,2,1,0,1,0,0,0,0,0,0,0,0,0,0,0,0,0,0,0,1,0,1,0,0,0,1,0,86,2
guid:{55857b6a-c336-6a44-6701-000000000c00},{55857b6a-c336-6a44-6701-000000000c00},12552,C:\Windows\System32\reg.exe,reg.exe,"""C:\WINDOWS\system32\reg.exe"" delete HKCU\Software\Microsoft\Windows\CurrentVersion\Run /v TFMTest /f",labwin\jjstestal,C:\Windows\System32\WindowsPowerShell\v1.0\powershell.exe,powershell.exe,fase4_suspicious_simulated,suspicious_simulated,S3,2026-07-01 09:35:18.600+02:00,2026-07-01 09:35:18.604+02:00,3,3,1,0,1,0,0,1,0,0,0,0,0,0,0,1,0,0,0,0,1,0,1,0,0,0,1,0,101,3
guid:{55857b6a-c351-6a44-6801-000000000c00},{55857b6a-c351-6a44-6801-000000000c00},3032,C:\Users\jjstestal\AppData\Local\Microsoft\OneDrive\26.106.0603.0003\OneDriveLauncher.exe,onedrivelauncher.exe,"""C:\Users\jjstestal\AppData\Local\Microsoft\OneDrive\26.106.0603.0003\OneDriveLauncher.exe"" /startInstances",labwin\jjstestal,-,-,fase4_suspicious_simulated,background,,2026-07-01 09:35:45.163+02:00,2026-07-01 09:35:55.250+02:00,12,4,1,0,1,8,2,0,0,0,0,0,0,0,2,0,0,0,0,1,0,0,0,0,0,0,0,1,107,1
guid:{55857b6a-c354-6a44-6901-000000000c00},{55857b6a-c354-6a44-6901-000000000c00},1064,C:\ProgramData\Microsoft\Windows Defender\Platform\4.18.26050.15-0\MpCmdRun.exe,mpcmdrun.exe,"""C:\ProgramData\Microsoft\Windows Defender\Platform\4.18.26050.15-0\MpCmdRun.exe"" SignatureUpdate -ScheduleJob -RestrictPrivileges",NT AUTHORITY\SYSTEM,-,-,fase4_suspicious_simulated,background,,2026-07-01 09:35:48.883+02:00,2026-07-01 09:36:05.092+02:00,2,2,1,0,1,0,0,0,0,0,0,0,0,0,0,0,0,0,0,0,0,0,0,0,0,0,0,0,130,0
guid:{55857b6a-c354-6a44-6a01-000000000c00},{55857b6a-c354-6a44-6a01-000000000c00},4376,C:\Windows\System32\conhost.exe,conhost.exe,\??\C:\WINDOWS\system32\conhost.exe 0xffffffff -ForceV1,NT AUTHORITY\SYSTEM,C:\ProgramData\Microsoft\Windows Defender\Platform\4.18.26050.15-0\MpCmdRun.exe,mpcmdrun.exe,fase4_suspicious_simulated,background,,2026-07-01 09:35:48.888+02:00,2026-07-01 09:36:05.093+02:00,2,2,1,0,1,0,0,0,0,0,0,0,0,0,0,0,0,0,0,0,0,0,0,0,0,0,0,0,55,0
guid:{55857b6a-c354-6a44-6b01-000000000c00},{55857b6a-c354-6a44-6b01-000000000c00},12632,C:\ProgramData\Microsoft\Windows Defender\Platform\4.18.26050.15-0\MpCmdRun.exe,mpcmdrun.exe,"""C:\ProgramData\Microsoft\Windows Defender\Platform\4.18.26050.15-0\MpCmdRun.exe"" SignaturesUpdateService -ScheduleJob -UnmanagedUpdate",NT AUTHORITY\SYSTEM,-,-,fase4_suspicious_simulated,background,,2026-07-01 09:35:48.930+02:00,2026-07-01 09:36:05.077+02:00,2,2,1,0,1,0,0,0,0,0,0,0,0,0,0,0,0,0,0,0,0,0,0,0,0,0,0,0,135,0
guid:{55857b6a-c354-6a44-6c01-000000000c00},{55857b6a-c354-6a44-6c01-000000000c00},15784,C:\Windows\System32\conhost.exe,conhost.exe,\??\C:\WINDOWS\system32\conhost.exe 0xffffffff -ForceV1,NT AUTHORITY\SYSTEM,C:\ProgramData\Microsoft\Windows Defender\Platform\4.18.26050.15-0\MpCmdRun.exe,mpcmdrun.exe,fase4_suspicious_simulated,background,,2026-07-01 09:35:48.932+02:00,2026-07-01 09:36:05.078+02:00,2,2,1,0,1,0,0,0,0,0,0,0,0,0,0,0,0,0,0,0,0,0,0,0,0,0,0,0,55,0
guid:{55857b6a-c354-6a44-6d01-000000000c00},{55857b6a-c354-6a44-6d01-000000000c00},5700,C:\Windows\System32\wbem\WmiPrvSE.exe,wmiprvse.exe,C:\WINDOWS\system32\wbem\wmiprvse.exe -secured -Embedding,NT AUTHORITY\Servicio de red,-,-,fase4_suspicious_simulated,background,,2026-07-01 09:35:48.986+02:00,2026-07-01 09:37:07.061+02:00,2,2,1,0,1,0,0,0,0,0,0,0,0,0,0,0,0,0,0,0,0,0,0,0,0,0,0,0,57,0
guid:{55857b6a-c35a-6a44-6e01-000000000c00},{55857b6a-c35a-6a44-6e01-000000000c00},3932,C:\Windows\System32\taskhostw.exe,taskhostw.exe,taskhostw.exe -RegisterDevice -ProtectionStateChanged -FreeNetworkOnly,NT AUTHORITY\SYSTEM,-,-,fase4_suspicious_simulated,background,,2026-07-01 09:35:54.005+02:00,2026-07-01 09:35:54.141+02:00,2,2,1,0,1,0,0,0,0,0,0,0,0,0,0,0,0,0,0,0,0,0,0,0,0,0,0,0,70,0
guid:{55857b6a-c35a-6a44-6f01-000000000c00},{55857b6a-c35a-6a44-6f01-000000000c00},11648,C:\Windows\System32\SecurityHealth\10.0.29554.1001-0\SecurityHealthHost.exe,securityhealthhost.exe,\\?\C:\Windows\System32\SecurityHealth\10.0.29554.1001-0\SecurityHealthHost.exe {08728914-3F57-4D52-9E31-49DAECA5A80A} -Embedding,labwin\jjstestal,-,-,fase4_suspicious_simulated,background,,2026-07-01 09:35:54.059+02:00,2026-07-01 09:35:54.087+02:00,2,2,1,0,1,0,0,0,0,0,0,0,0,0,0,0,0,0,0,0,0,0,0,0,0,0,0,0,129,0
guid:{55857b6a-c35a-6a44-7001-000000000c00},{55857b6a-c35a-6a44-7001-000000000c00},9088,C:\Windows\System32\SecurityHealth\10.0.29554.1001-0\SecurityHealthHost.exe,securityhealthhost.exe,\\?\C:\Windows\System32\SecurityHealth\10.0.29554.1001-0\SecurityHealthHost.exe {08728914-3F57-4D52-9E31-49DAECA5A80A} -Embedding,labwin\jjstestal,-,-,fase4_suspicious_simulated,background,,2026-07-01 09:35:54.088+02:00,2026-07-01 09:35:54.106+02:00,2,2,1,0,1,0,0,0,0,0,0,0,0,0,0,0,0,0,0,0,0,0,0,0,0,0,0,0,129,0
guid:{55857b6a-c35a-6a44-7101-000000000c00},{55857b6a-c35a-6a44-7101-000000000c00},10548,C:\Windows\System32\svchost.exe,svchost.exe,C:\WINDOWS\system32\svchost.exe -k GPSvcGroup,NT AUTHORITY\SYSTEM,-,-,fase4_suspicious_simulated,background,,2026-07-01 09:35:54.099+02:00,2026-07-01 09:35:54.099+02:00,1,1,1,0,0,0,0,0,0,0,0,0,0,0,0,0,0,0,0,0,0,0,0,0,0,0,0,0,45,0
guid:{55857b6a-c35c-6a44-7201-000000000c00},{55857b6a-c35c-6a44-7201-000000000c00},4068,C:\Windows\System32\svchost.exe,svchost.exe,C:\WINDOWS\system32\svchost.exe -k netsvcs -p -s wlidsvc,NT AUTHORITY\SYSTEM,-,-,fase4_suspicious_simulated,background,,2026-07-01 09:35:56.055+02:00,2026-07-01 09:42:35.844+02:00,4,4,1,1,1,0,0,0,0,0,1,1,1,1,0,0,1,1,0,0,0,0,0,0,0,0,0,0,56,0
guid:{55857b6a-c35d-6a44-7301-000000000c00},{55857b6a-c35d-6a44-7301-000000000c00},5380,C:\Program Files\Sublime Text\sublime_text.exe,sublime_text.exe,"""C:\Program Files\Sublime Text\sublime_text.exe"" ",labwin\jjstestal,C:\Windows\explorer.exe,explorer.exe,fase4_suspicious_simulated,background,,2026-07-01 09:35:57.630+02:00,2026-07-01 09:37:39.732+02:00,5,4,1,0,1,1,2,0,0,0,0,0,0,0,2,0,0,0,0,0,0,0,0,0,0,0,0,0,49,1
guid:{55857b6a-c35d-6a44-7401-000000000c00},{55857b6a-c35d-6a44-7401-000000000c00},16156,C:\Program Files\Sublime Text\crash_handler.exe,crash_handler.exe,"""C:\Program Files\Sublime Text\crash_handler.exe"" --no-rate-limit ""--database=C:\Users\jjstestal\AppData\Local\Sublime Text\Crash Reports"" ""--metrics-dir=C:\Users\jjstestal\AppData\Local\Sublime Text\Crash Reports"" --url=https://crash-server.sublimehq.com/api/upload --annotation=hash=9153973254676204383 --annotation=ident=sublime_text_4200 --initial-client-data=0x324,0x328,0x32c,0x300,0x330,0x7ff7837f4738,0x7ff7837f4744,0x7ff7837f4750",labwin\jjstestal,C:\Program Files\Sublime Text\sublime_text.exe,sublime_text.exe,fase4_suspicious_simulated,background,,2026-07-01 09:35:57.668+02:00,2026-07-01 09:37:39.741+02:00,2,2,1,0,1,0,0,0,0,0,0,0,0,0,0,0,0,0,0,1,0,0,0,0,0,0,0,0,438,1
guid:{55857b6a-c35d-6a44-7501-000000000c00},{55857b6a-c35d-6a44-7501-000000000c00},7268,C:\Program Files\Sublime Text\plugin_host-3.3.exe,plugin_host-3.3.exe,"""/C/Program Files/Sublime Text/plugin_host-3.3.exe"" 5380 ""/C/Program Files/Sublime Text/sublime_text.exe"" \\.\pipe\crashpad_5380_WSDLNIRFOUSNKTFP ""/C/Users/jjstestal/AppData/Roaming/Sublime Text"" ""/C/Users/jjstestal/AppData/Local/Sublime Text"" ""/C/Program Files/Sublime Text/Packages""",labwin\jjstestal,C:\Program Files\Sublime Text\sublime_text.exe,sublime_text.exe,fase4_suspicious_simulated,background,,2026-07-01 09:35:57.949+02:00,2026-07-01 09:37:39.670+02:00,2,2,1,0,1,0,0,0,0,0,0,0,0,0,0,0,0,0,0,0,0,0,0,0,0,0,0,0,284,0
guid:{55857b6a-c35d-6a44-7601-000000000c00},{55857b6a-c35d-6a44-7601-000000000c00},9108,C:\Program Files\Sublime Text\plugin_host-3.8.exe,plugin_host-3.8.exe,"""/C/Program Files/Sublime Text/plugin_host-3.8.exe"" 5380 ""/C/Program Files/Sublime Text/sublime_text.exe"" \\.\pipe\crashpad_5380_WSDLNIRFOUSNKTFP false ""/C/Users/jjstestal/AppData/Roaming/Sublime Text"" ""/C/Users/jjstestal/AppData/Local/Sublime Text"" ""/C/Program Files/Sublime Text/Packages""",labwin\jjstestal,C:\Program Files\Sublime Text\sublime_text.exe,sublime_text.exe,fase4_suspicious_simulated,background,,2026-07-01 09:35:57.951+02:00,2026-07-01 09:37:39.671+02:00,2,2,1,0,1,0,0,0,0,0,0,0,0,0,0,0,0,0,0,0,0,0,0,0,0,0,0,0,290,0
guid:{55857b6a-c35e-6a44-7701-000000000c00},{55857b6a-c35e-6a44-7701-000000000c00},15344,C:\Windows\System32\wbem\WmiPrvSE.exe,wmiprvse.exe,C:\WINDOWS\system32\wbem\wmiprvse.exe -secured -Embedding,NT AUTHORITY\SERVICIO LOCAL,-,-,fase4_suspicious_simulated,background,,2026-07-01 09:35:58.997+02:00,2026-07-01 09:38:37.082+02:00,2,2,1,0,1,0,0,0,0,0,0,0,0,0,0,0,0,0,0,0,0,0,0,0,0,0,0,0,57,0
guid:{55857b6a-c35f-6a44-7801-000000000c00},{55857b6a-c35f-6a44-7801-000000000c00},11168,C:\Windows\System32\svchost.exe,svchost.exe,C:\WINDOWS\System32\svchost.exe -k netsvcs -p -s NetSetupSvc,NT AUTHORITY\SYSTEM,-,-,fase4_suspicious_simulated,background,,2026-07-01 09:35:59.055+02:00,2026-07-01 09:38:02.017+02:00,2,2,1,0,1,0,0,0,0,0,0,0,0,0,0,0,0,0,0,0,0,0,0,0,0,0,0,0,60,0
guid:{55857b6a-c35f-6a44-7901-000000000c00},{55857b6a-c35f-6a44-7901-000000000c00},11528,C:\Windows\UUS\amd64\wuaucltcore.exe,wuaucltcore.exe,"""C:\WINDOWS\uus\AMD64\wuaucltcore.exe"" /DeploymentHandlerFullPath \\?\C:\Windows\UUS\AMD64\UpdateDeploy.dll /ClassId 6b314780-593e-4fc5-a9fb-c9e58d857c42 /RunHandlerComServer",NT AUTHORITY\SYSTEM,C:\Windows\System32\svchost.exe,svchost.exe,fase4_suspicious_simulated,background,,2026-07-01 09:35:59.729+02:00,2026-07-01 09:36:05.068+02:00,2,2,1,0,1,0,0,0,0,0,0,0,0,0,0,0,0,0,0,0,0,0,0,0,0,0,0,1,174,0
guid:{55857b6a-c35f-6a44-7a01-000000000c00},{55857b6a-c35f-6a44-7a01-000000000c00},1356,C:\Windows\SoftwareDistribution\Download\Install\AM_Delta_Patch_1.453.359.0.exe,am_delta_patch_1.453.359.0.exe,"""C:\WINDOWS\SoftwareDistribution\Download\Install\AM_Delta_Patch_1.453.359.0.exe"" WD /q",NT AUTHORITY\SYSTEM,C:\Windows\UUS\amd64\wuaucltcore.exe,wuaucltcore.exe,fase4_suspicious_simulated,background,,2026-07-01 09:35:59.769+02:00,2026-07-01 09:36:05.056+02:00,2,2,1,0,1,0,0,0,0,0,0,0,0,0,0,0,0,0,0,0,0,0,0,0,0,0,0,1,87,0
guid:{55857b6a-c35f-6a44-7b01-000000000c00},{55857b6a-c35f-6a44-7b01-000000000c00},11912,C:\Windows\System32\MpSigStub.exe,mpsigstub.exe,C:\WINDOWS\system32\MpSigStub.exe /stub 1.1.24010.2001 /payload 1.453.370.0 /MpWUStub /program C:\WINDOWS\SoftwareDistribution\Download\Install\AM_Delta_Patch_1.453.359.0.exe WD /q,NT AUTHORITY\SYSTEM,C:\Windows\UUS\amd64\wuaucltcore.exe,wuaucltcore.exe,fase4_suspicious_simulated,background,,2026-07-01 09:35:59.784+02:00,2026-07-01 09:36:05.054+02:00,8,3,1,0,1,0,6,0,0,0,0,0,0,0,6,0,0,0,1,0,0,0,0,0,0,0,0,1,180,1
guid:{55857b6a-c379-6a44-7c01-000000000c00},{55857b6a-c379-6a44-7c01-000000000c00},15852,C:\Program Files\WindowsApps\microsoft.screensketch_11.2510.31.0_x64__8wekyb3d8bbwe\SnippingTool\SnippingTool.exe,snippingtool.exe,"""C:\Program Files\WindowsApps\Microsoft.ScreenSketch_11.2510.31.0_x64__8wekyb3d8bbwe\SnippingTool\SnippingTool.exe"" ",labwin\jjstestal,C:\Windows\explorer.exe,explorer.exe,fase4_suspicious_simulated,background,,2026-07-01 09:36:25.437+02:00,2026-07-01 09:37:46.614+02:00,5,3,1,0,1,0,3,0,0,0,0,0,0,0,3,0,0,0,0,0,0,0,0,0,0,0,0,0,116,1
guid:{55857b6a-c37b-6a44-7d01-000000000c00},{55857b6a-c37b-6a44-7d01-000000000c00},10080,C:\Windows\System32\svchost.exe,svchost.exe,C:\WINDOWS\system32\svchost.exe -k LocalService -p -s CaptureService,labwin\jjstestal,-,-,fase4_suspicious_simulated,background,,2026-07-01 09:36:27.032+02:00,2026-07-01 09:36:27.140+02:00,2,2,1,0,1,0,0,0,0,0,0,0,0,0,0,0,0,0,0,0,0,0,0,0,0,0,0,0,68,0
guid:{55857b6a-c3a3-6a44-7e01-000000000c00},{55857b6a-c3a3-6a44-7e01-000000000c00},11224,C:\Windows\System32\SearchProtocolHost.exe,searchprotocolhost.exe,"""C:\WINDOWS\System32\SearchProtocolHost.exe"" Global\UsGthrFltPipeMssGthrPipe2_ Global\UsGthrCtrlFltPipeMssGthrPipe2 1 -2147483646 ""Software\Microsoft\Windows Search"" ""Mozilla/4.0 (compatible; MSIE 6.0; Windows NT; MS Search 4.0 Robot)"" ""C:\ProgramData\Microsoft\Search\Data\Temp\usgthrsvc"" ""DownLevelDaemon"" ",NT AUTHORITY\SYSTEM,C:\Windows\System32\SearchIndexer.exe,searchindexer.exe,fase4_suspicious_simulated,background,,2026-07-01 09:37:07.225+02:00,2026-07-01 09:44:00.138+02:00,2,2,1,0,1,0,0,0,0,0,0,0,0,0,0,0,0,0,1,0,0,0,0,0,0,0,0,0,308,1
guid:{55857b6a-c3a3-6a44-7f01-000000000c00},{55857b6a-c3a3-6a44-7f01-000000000c00},10716,C:\Windows\System32\SearchFilterHost.exe,searchfilterhost.exe,"""C:\WINDOWS\System32\SearchFilterHost.exe"" 1000 2744 2672 980 {1295340B-BF50-4A88-BB2F-287E0B9B0016}",NT AUTHORITY\SYSTEM,C:\Windows\System32\SearchIndexer.exe,searchindexer.exe,fase4_suspicious_simulated,background,,2026-07-01 09:37:07.246+02:00,2026-07-01 09:43:49.145+02:00,2,2,1,0,1,0,0,0,0,0,0,0,0,0,0,0,0,0,0,0,0,0,0,0,0,0,0,0,100,0
guid:{55857b6a-c3a3-6a44-8001-000000000c00},{55857b6a-c3a3-6a44-8001-000000000c00},1524,C:\Windows\System32\SearchFilterHost.exe,searchfilterhost.exe,"""C:\WINDOWS\System32\SearchFilterHost.exe"" 1000 2840 2624 980 {0E5DCEC5-7795-4E38-9621-94DFD9F9A421}",NT AUTHORITY\SYSTEM,C:\Windows\System32\SearchIndexer.exe,searchindexer.exe,fase4_suspicious_simulated,background,,2026-07-01 09:37:07.285+02:00,2026-07-01 09:43:49.149+02:00,2,2,1,0,1,0,0,0,0,0,0,0,0,0,0,0,0,0,0,0,0,0,0,0,0,0,0,0,100,0
guid:{55857b6a-c3a8-6a44-8101-000000000c00},{55857b6a-c3a8-6a44-8101-000000000c00},1196,C:\Windows\System32\PickerHost.exe,pickerhost.exe,C:\Windows\System32\PickerHost.exe -Embedding,labwin\jjstestal,-,-,fase4_suspicious_simulated,background,,2026-07-01 09:37:12.734+02:00,2026-07-01 09:37:23.915+02:00,5,4,1,0,1,1,2,0,0,0,0,0,0,0,2,0,0,0,0,0,0,0,0,0,0,0,0,0,45,1
guid:{55857b6a-c3a8-6a44-8201-000000000c00},{55857b6a-c3a8-6a44-8201-000000000c00},6756,C:\Windows\System32\dllhost.exe,dllhost.exe,C:\WINDOWS\system32\DllHost.exe /Processid:{AB8902B4-09CA-4BB6-B78D-A8F59079A8D5},labwin\jjstestal,-,-,fase4_suspicious_simulated,background,,2026-07-01 09:37:12.947+02:00,2026-07-01 09:37:18.001+02:00,2,2,1,0,1,0,0,0,0,0,0,0,0,0,0,0,0,0,0,0,0,0,0,0,0,0,0,1,81,0
guid:{55857b6a-c3e6-6a44-8301-000000000c00},{55857b6a-c3e6-6a44-8301-000000000c00},15284,C:\Windows\System32\schtasks.exe,schtasks.exe,"""C:\WINDOWS\system32\schtasks.exe"" /Create /TN TFMTestTask /TR notepad.exe /SC ONCE /ST 23:59 /F",labwin\jjstestal,C:\Windows\System32\WindowsPowerShell\v1.0\powershell.exe,powershell.exe,fase4_suspicious_simulated,suspicious_simulated,S4,2026-07-01 09:38:14.176+02:00,2026-07-01 09:38:14.201+02:00,2,2,1,0,1,0,0,0,0,0,0,0,0,0,0,0,0,0,0,0,1,0,0,1,0,0,1,0,96,4
guid:{55857b6a-c3e6-6a44-8401-000000000c00},{55857b6a-c3e6-6a44-8401-000000000c00},7604,C:\Windows\System32\schtasks.exe,schtasks.exe,"""C:\WINDOWS\system32\schtasks.exe"" /Query /TN TFMTestTask /V /FO LIST",labwin\jjstestal,C:\Windows\System32\WindowsPowerShell\v1.0\powershell.exe,powershell.exe,fase4_suspicious_simulated,suspicious_simulated,S4,2026-07-01 09:38:14.222+02:00,2026-07-01 09:38:14.236+02:00,2,2,1,0,1,0,0,0,0,0,0,0,0,0,0,0,0,0,0,0,1,0,0,1,0,0,1,0,69,4
guid:{55857b6a-c3e8-6a44-8501-000000000c00},{55857b6a-c3e8-6a44-8501-000000000c00},7388,C:\Windows\System32\schtasks.exe,schtasks.exe,"""C:\WINDOWS\system32\schtasks.exe"" /Delete /TN TFMTestTask /F",labwin\jjstestal,C:\Windows\System32\WindowsPowerShell\v1.0\powershell.exe,powershell.exe,fase4_suspicious_simulated,suspicious_simulated,S4,2026-07-01 09:38:16.274+02:00,2026-07-01 09:38:16.284+02:00,2,2,1,0,1,0,0,0,0,0,0,0,0,0,0,0,0,0,0,0,1,0,0,1,0,0,1,0,61,4
guid:{55857b6a-c3f3-6a44-8601-000000000c00},{55857b6a-c3f3-6a44-8601-000000000c00},3252,C:\Windows\System32\taskhostw.exe,taskhostw.exe,taskhostw.exe,NT AUTHORITY\SYSTEM,-,-,fase4_suspicious_simulated,background,,2026-07-01 09:38:27.427+02:00,2026-07-01 09:38:28.434+02:00,2,2,1,0,1,0,0,0,0,0,0,0,0,0,0,0,0,0,0,0,0,0,0,0,0,0,0,0,13,0
guid:{55857b6a-c3fc-6a44-8701-000000000c00},{55857b6a-c3fc-6a44-8701-000000000c00},10320,C:\Program Files\Sublime Text\sublime_text.exe,sublime_text.exe,"""C:\Program Files\Sublime Text\sublime_text.exe"" ",labwin\jjstestal,C:\Windows\explorer.exe,explorer.exe,fase4_suspicious_simulated,background,,2026-07-01 09:38:36.868+02:00,2026-07-01 09:40:46.487+02:00,4,3,1,0,0,1,2,0,0,0,0,0,0,0,2,0,0,0,0,0,0,0,0,0,0,0,0,0,49,1
guid:{55857b6a-c3fc-6a44-8801-000000000c00},{55857b6a-c3fc-6a44-8801-000000000c00},7948,C:\Program Files\Sublime Text\crash_handler.exe,crash_handler.exe,"""C:\Program Files\Sublime Text\crash_handler.exe"" --no-rate-limit ""--database=C:\Users\jjstestal\AppData\Local\Sublime Text\Crash Reports"" ""--metrics-dir=C:\Users\jjstestal\AppData\Local\Sublime Text\Crash Reports"" --url=https://crash-server.sublimehq.com/api/upload --annotation=hash=9153973254676204383 --annotation=ident=sublime_text_4200 --initial-client-data=0x340,0x344,0x348,0x31c,0x34c,0x7ff7837f4738,0x7ff7837f4744,0x7ff7837f4750",labwin\jjstestal,C:\Program Files\Sublime Text\sublime_text.exe,sublime_text.exe,fase4_suspicious_simulated,background,,2026-07-01 09:38:36.940+02:00,2026-07-01 09:38:36.940+02:00,1,1,1,0,0,0,0,0,0,0,0,0,0,0,0,0,0,0,0,1,0,0,0,0,0,0,0,0,438,1
guid:{55857b6a-c3fd-6a44-8901-000000000c00},{55857b6a-c3fd-6a44-8901-000000000c00},13596,C:\Program Files\Sublime Text\plugin_host-3.3.exe,plugin_host-3.3.exe,"""/C/Program Files/Sublime Text/plugin_host-3.3.exe"" 10320 ""/C/Program Files/Sublime Text/sublime_text.exe"" \\.\pipe\crashpad_10320_POIAYICSQZQSKOIJ ""/C/Users/jjstestal/AppData/Roaming/Sublime Text"" ""/C/Users/jjstestal/AppData/Local/Sublime Text"" ""/C/Program Files/Sublime Text/Packages""",labwin\jjstestal,C:\Program Files\Sublime Text\sublime_text.exe,sublime_text.exe,fase4_suspicious_simulated,background,,2026-07-01 09:38:37.523+02:00,2026-07-01 09:38:37.523+02:00,1,1,1,0,0,0,0,0,0,0,0,0,0,0,0,0,0,0,0,0,0,0,0,0,0,0,0,0,286,0
guid:{55857b6a-c3fd-6a44-8a01-000000000c00},{55857b6a-c3fd-6a44-8a01-000000000c00},11792,C:\Program Files\Sublime Text\plugin_host-3.8.exe,plugin_host-3.8.exe,"""/C/Program Files/Sublime Text/plugin_host-3.8.exe"" 10320 ""/C/Program Files/Sublime Text/sublime_text.exe"" \\.\pipe\crashpad_10320_POIAYICSQZQSKOIJ false ""/C/Users/jjstestal/AppData/Roaming/Sublime Text"" ""/C/Users/jjstestal/AppData/Local/Sublime Text"" ""/C/Program Files/Sublime Text/Packages""",labwin\jjstestal,C:\Program Files\Sublime Text\sublime_text.exe,sublime_text.exe,fase4_suspicious_simulated,background,,2026-07-01 09:38:37.566+02:00,2026-07-01 09:38:37.566+02:00,1,1,1,0,0,0,0,0,0,0,0,0,0,0,0,0,0,0,0,0,0,0,0,0,0,0,0,0,292,0
guid:{55857b6a-c412-6a44-8b01-000000000c00},{55857b6a-c412-6a44-8b01-000000000c00},3068,C:\Program Files\WindowsApps\microsoft.screensketch_11.2510.31.0_x64__8wekyb3d8bbwe\SnippingTool\SnippingTool.exe,snippingtool.exe,"""C:\Program Files\WindowsApps\Microsoft.ScreenSketch_11.2510.31.0_x64__8wekyb3d8bbwe\SnippingTool\SnippingTool.exe"" ",labwin\jjstestal,C:\Windows\explorer.exe,explorer.exe,fase4_suspicious_simulated,background,,2026-07-01 09:38:58.531+02:00,2026-07-01 09:41:05.818+02:00,5,2,1,0,0,0,4,0,0,0,0,0,0,0,4,0,0,0,0,0,0,0,0,0,0,0,0,0,116,1
guid:{55857b6a-c413-6a44-8c01-000000000c00},{55857b6a-c413-6a44-8c01-000000000c00},11948,C:\Windows\System32\svchost.exe,svchost.exe,C:\WINDOWS\system32\svchost.exe -k LocalService -p -s CaptureService,labwin\jjstestal,-,-,fase4_suspicious_simulated,background,,2026-07-01 09:38:59.806+02:00,2026-07-01 09:38:59.905+02:00,2,2,1,0,1,0,0,0,0,0,0,0,0,0,0,0,0,0,0,0,0,0,0,0,0,0,0,0,68,0
guid:{55857b6a-c41f-6a44-8d01-000000000c00},{55857b6a-c41f-6a44-8d01-000000000c00},14880,C:\Windows\System32\PickerHost.exe,pickerhost.exe,C:\Windows\System32\PickerHost.exe -Embedding,labwin\jjstestal,-,-,fase4_suspicious_simulated,background,,2026-07-01 09:39:11.815+02:00,2026-07-01 09:39:23.334+02:00,5,4,1,0,1,1,2,0,0,0,0,0,0,0,2,0,0,0,0,0,0,0,0,0,0,0,0,0,45,1
guid:{55857b6a-c449-6a44-8e01-000000000c00},{55857b6a-c449-6a44-8e01-000000000c00},13548,C:\Windows\System32\sc.exe,sc.exe,"""C:\WINDOWS\system32\sc.exe"" create TFMTestService binPath= ""C:\Windows\System32\cmd.exe /c echo TFMTestService"" start= demand",labwin\jjstestal,C:\Windows\System32\WindowsPowerShell\v1.0\powershell.exe,powershell.exe,fase4_suspicious_simulated,suspicious_simulated,S5,2026-07-01 09:39:53.388+02:00,2026-07-01 09:39:53.397+02:00,2,2,1,0,1,0,0,0,0,0,0,0,0,0,0,0,0,0,0,0,1,0,0,0,1,0,1,0,126,4
guid:{55857b6a-c449-6a44-8f01-000000000c00},{55857b6a-c449-6a44-8f01-000000000c00},6544,C:\Windows\System32\sc.exe,sc.exe,"""C:\WINDOWS\system32\sc.exe"" query TFMTestService",labwin\jjstestal,C:\Windows\System32\WindowsPowerShell\v1.0\powershell.exe,powershell.exe,fase4_suspicious_simulated,suspicious_simulated,S5,2026-07-01 09:39:53.415+02:00,2026-07-01 09:39:53.419+02:00,2,2,1,0,1,0,0,0,0,0,0,0,0,0,0,0,0,0,0,0,1,0,0,0,1,0,1,0,49,4
guid:{55857b6a-c44b-6a44-9001-000000000c00},{55857b6a-c44b-6a44-9001-000000000c00},12848,C:\Windows\System32\sc.exe,sc.exe,"""C:\WINDOWS\system32\sc.exe"" delete TFMTestService",labwin\jjstestal,C:\Windows\System32\WindowsPowerShell\v1.0\powershell.exe,powershell.exe,fase4_suspicious_simulated,suspicious_simulated,S5,2026-07-01 09:39:55.452+02:00,2026-07-01 09:39:55.457+02:00,2,2,1,0,1,0,0,0,0,0,0,0,0,0,0,0,0,0,0,0,1,0,0,0,1,0,1,0,50,4
guid:{55857b6a-c47a-6a44-9101-000000000c00},{55857b6a-c47a-6a44-9101-000000000c00},6956,C:\Windows\System32\UsoClient.exe,usoclient.exe,"""C:\WINDOWS\system32\usoclient.exe"" StartWork",NT AUTHORITY\SYSTEM,-,-,fase4_suspicious_simulated,background,,2026-07-01 09:40:42.220+02:00,2026-07-01 09:40:42.329+02:00,2,2,1,0,1,0,0,0,0,0,0,0,0,0,0,0,0,0,0,0,0,0,0,0,0,0,0,0,45,0
guid:{55857b6a-c47a-6a44-9201-000000000c00},{55857b6a-c47a-6a44-9201-000000000c00},13468,C:\Windows\UUS\amd64\MoUsoCoreWorker.exe,mousocoreworker.exe,"""C:\WINDOWS\uus\AMD64\MoUsoCoreWorker.exe"" useprivatenamespaces",NT AUTHORITY\SYSTEM,C:\Windows\System32\svchost.exe,svchost.exe,fase4_suspicious_simulated,background,,2026-07-01 09:40:42.250+02:00,2026-07-01 09:41:49.553+02:00,5,4,1,2,1,0,0,0,0,0,1,1,2,1,0,0,1,1,0,0,0,0,0,0,0,0,0,0,63,0
guid:{55857b6a-c47a-6a44-9301-000000000c00},{55857b6a-c47a-6a44-9301-000000000c00},12624,C:\Windows\System32\svchost.exe,svchost.exe,C:\WINDOWS\system32\svchost.exe -k wusvcs -p -s WaaSMedicSvc,NT AUTHORITY\SYSTEM,-,-,fase4_suspicious_simulated,background,,2026-07-01 09:40:42.316+02:00,2026-07-01 09:41:45.628+02:00,2,2,1,0,1,0,0,0,0,0,0,0,0,0,0,0,0,0,0,0,0,0,0,0,0,0,0,0,60,0
guid:{55857b6a-c47a-6a44-9401-000000000c00},{55857b6a-c47a-6a44-9401-000000000c00},14820,C:\Windows\System32\backgroundTaskHost.exe,backgroundtaskhost.exe,"""C:\WINDOWS\system32\BackgroundTaskHost.exe"" -ServerName:BackgroundTaskHost.WebAccountProvider",labwin\jjstestal,-,-,fase4_suspicious_simulated,background,,2026-07-01 09:40:42.427+02:00,2026-07-01 09:44:07.545+02:00,2,2,1,0,1,0,0,0,0,0,0,0,0,0,0,0,0,0,0,0,0,0,0,0,0,0,0,0,94,0
guid:{55857b6a-c47a-6a44-9501-000000000c00},{55857b6a-c47a-6a44-9501-000000000c00},15280,C:\Windows\System32\RuntimeBroker.exe,runtimebroker.exe,C:\Windows\System32\RuntimeBroker.exe -Embedding,labwin\jjstestal,-,-,fase4_suspicious_simulated,background,,2026-07-01 09:40:42.469+02:00,2026-07-01 09:40:42.469+02:00,1,1,1,0,0,0,0,0,0,0,0,0,0,0,0,0,0,0,0,0,0,0,0,0,0,0,0,0,48,0
guid:{55857b6a-c47d-6a44-9601-000000000c00},{55857b6a-c47d-6a44-9601-000000000c00},4196,C:\Windows\System32\taskhostw.exe,taskhostw.exe,taskhostw.exe -RegisterUserDevice -NewAccount,labwin\jjstestal,-,-,fase4_suspicious_simulated,background,,2026-07-01 09:40:45.100+02:00,2026-07-01 09:40:45.372+02:00,2,2,1,0,1,0,0,0,0,0,0,0,0,0,0,0,0,0,0,0,0,0,0,0,0,0,0,0,45,0
guid:{55857b6a-c47d-6a44-9701-000000000c00},{55857b6a-c47d-6a44-9701-000000000c00},4280,C:\Windows\System32\taskhostw.exe,taskhostw.exe,taskhostw.exe -RegisterDevice -AccountChange,NT AUTHORITY\SYSTEM,-,-,fase4_suspicious_simulated,background,,2026-07-01 09:40:45.119+02:00,2026-07-01 09:40:45.136+02:00,2,2,1,0,1,0,0,0,0,0,0,0,0,0,0,0,0,0,0,0,0,0,0,0,0,0,0,0,44,0
guid:{55857b6a-c47d-6a44-9801-000000000c00},{55857b6a-c47d-6a44-9801-000000000c00},12480,C:\Windows\System32\wbem\WmiPrvSE.exe,wmiprvse.exe,C:\WINDOWS\system32\wbem\wmiprvse.exe -secured -Embedding,NT AUTHORITY\Servicio de red,-,-,fase4_suspicious_simulated,background,,2026-07-01 09:40:45.208+02:00,2026-07-01 09:43:28.846+02:00,2,2,1,0,1,0,0,0,0,0,0,0,0,0,0,0,0,0,0,0,0,0,0,0,0,0,0,0,57,0
guid:{55857b6a-c47d-6a44-9901-000000000c00},{55857b6a-c47d-6a44-9901-000000000c00},656,C:\Windows\System32\UsoClient.exe,usoclient.exe,"""C:\WINDOWS\system32\usoclient.exe"" StartWork",NT AUTHORITY\SYSTEM,-,-,fase4_suspicious_simulated,background,,2026-07-01 09:40:45.401+02:00,2026-07-01 09:40:45.416+02:00,2,2,1,0,1,0,0,0,0,0,0,0,0,0,0,0,0,0,0,0,0,0,0,0,0,0,0,0,45,0
guid:{55857b6a-c47d-6a44-9a01-000000000c00},{55857b6a-c47d-6a44-9a01-000000000c00},14608,C:\Windows\System32\taskhostw.exe,taskhostw.exe,taskhostw.exe,NT AUTHORITY\SYSTEM,-,-,fase4_suspicious_simulated,background,,2026-07-01 09:40:45.571+02:00,2026-07-01 09:40:48.121+02:00,3,3,1,0,1,0,0,0,0,0,1,0,0,1,0,0,0,0,0,0,0,0,0,0,0,0,0,0,13,0
guid:{55857b6a-c47d-6a44-9b01-000000000c00},{55857b6a-c47d-6a44-9b01-000000000c00},12432,C:\Windows\System32\sppsvc.exe,sppsvc.exe,C:\WINDOWS\system32\sppsvc.exe,NT AUTHORITY\Servicio de red,-,-,fase4_suspicious_simulated,background,,2026-07-01 09:40:45.736+02:00,2026-07-01 09:41:17.608+02:00,2,2,1,0,1,0,0,0,0,0,0,0,0,0,0,0,0,0,0,0,0,0,0,0,0,0,0,0,30,0
guid:{55857b6a-c47e-6a44-9c01-000000000c00},{55857b6a-c47e-6a44-9c01-000000000c00},4240,C:\Windows\servicing\TrustedInstaller.exe,trustedinstaller.exe,C:\WINDOWS\servicing\TrustedInstaller.exe,NT AUTHORITY\SYSTEM,-,-,fase4_suspicious_simulated,background,,2026-07-01 09:40:46.058+02:00,2026-07-01 09:42:47.702+02:00,2,2,1,0,1,0,0,0,0,0,0,0,0,0,0,0,0,0,0,0,0,0,0,0,0,0,0,0,41,0
guid:{55857b6a-c47e-6a44-9d01-000000000c00},{55857b6a-c47e-6a44-9d01-000000000c00},12932,C:\Windows\WinSxS\amd64_microsoft-windows-servicingstack_31bf3856ad364e35_10.0.26100.8648_none_a50ef8e3775e8e5e\TiWorker.exe,tiworker.exe,C:\WINDOWS\winsxs\amd64_microsoft-windows-servicingstack_31bf3856ad364e35_10.0.26100.8648_none_a50ef8e3775e8e5e\TiWorker.exe -Embedding,NT AUTHORITY\SYSTEM,-,-,fase4_suspicious_simulated,background,,2026-07-01 09:40:46.077+02:00,2026-07-01 09:42:47.699+02:00,2,2,1,0,1,0,0,0,0,0,0,0,0,0,0,0,0,0,0,0,0,0,0,0,0,0,0,0,135,0
guid:{55857b6a-c480-6a44-9e01-000000000c00},{55857b6a-c480-6a44-9e01-000000000c00},5660,C:\Windows\System32\svchost.exe,svchost.exe,C:\WINDOWS\system32\svchost.exe -k LocalService -p -s CaptureService,labwin\jjstestal,-,-,fase4_suspicious_simulated,background,,2026-07-01 09:40:48.482+02:00,2026-07-01 09:40:48.563+02:00,2,2,1,0,1,0,0,0,0,0,0,0,0,0,0,0,0,0,0,0,0,0,0,0,0,0,0,0,68,0
guid:{55857b6a-c488-6a44-9f01-000000000c00},{55857b6a-c488-6a44-9f01-000000000c00},14040,C:\Windows\System32\PickerHost.exe,pickerhost.exe,C:\Windows\System32\PickerHost.exe -Embedding,labwin\jjstestal,-,-,fase4_suspicious_simulated,background,,2026-07-01 09:40:56.089+02:00,2026-07-01 09:41:05.823+02:00,5,4,1,0,1,1,2,0,0,0,0,0,0,0,2,0,0,0,0,0,0,0,0,0,0,0,0,0,45,1
guid:{55857b6a-c4c8-6a44-a001-000000000c00},{55857b6a-c4c8-6a44-a001-000000000c00},14116,C:\Windows\System32\wbem\WmiPrvSE.exe,wmiprvse.exe,C:\WINDOWS\system32\wbem\wmiprvse.exe -secured -Embedding,NT AUTHORITY\SERVICIO LOCAL,-,-,fase4_suspicious_simulated,background,S7,2026-07-01 09:42:00.582+02:00,2026-07-01 09:43:28.846+02:00,2,2,1,0,1,0,0,0,0,0,0,0,0,0,0,0,0,0,0,0,0,0,0,0,0,0,0,0,57,0
guid:{55857b6a-c4c8-6a44-a101-000000000c00},{55857b6a-c4c8-6a44-a101-000000000c00},4000,C:\Windows\System32\svchost.exe,svchost.exe,C:\WINDOWS\System32\svchost.exe -k netsvcs -p -s NetSetupSvc,NT AUTHORITY\SYSTEM,-,-,fase4_suspicious_simulated,background,S7,2026-07-01 09:42:00.659+02:00,2026-07-01 09:43:03.603+02:00,2,2,1,0,1,0,0,0,0,0,0,0,0,0,0,0,0,0,0,0,0,0,0,0,0,0,0,0,60,0
guid:{55857b6a-c547-6a44-a201-000000000c00},{55857b6a-c547-6a44-a201-000000000c00},9500,C:\Windows\System32\taskhostw.exe,taskhostw.exe,taskhostw.exe,NT AUTHORITY\SYSTEM,-,-,fase4_suspicious_simulated,background,,2026-07-01 09:44:07.435+02:00,2026-07-01 09:44:11.326+02:00,5,4,1,2,1,0,0,0,0,0,1,1,2,1,0,0,1,1,0,0,0,0,0,0,0,0,0,0,13,0
guid:{55857b6a-c547-6a44-a301-000000000c00},{55857b6a-c547-6a44-a301-000000000c00},14848,C:\Windows\System32\sppsvc.exe,sppsvc.exe,C:\WINDOWS\system32\sppsvc.exe,NT AUTHORITY\Servicio de red,-,-,fase4_suspicious_simulated,background,,2026-07-01 09:44:07.868+02:00,2026-07-01 09:44:07.868+02:00,1,1,1,0,0,0,0,0,0,0,0,0,0,0,0,0,0,0,0,0,0,0,0,0,0,0,0,0,30,0
guid:{55857b6a-e498-6a43-0904-000000000b00},{55857b6a-e498-6a43-0904-000000000b00},636,C:\Windows\System32\smartscreen.exe,smartscreen.exe,,labwin\jjstestal,,,fase3_normal,normal,N5,2026-06-30 17:55:30.571+02:00,2026-06-30 17:55:30.571+02:00,1,1,0,0,1,0,0,0,0,0,0,0,0,0,0,0,0,0,0,0,0,0,0,0,0,0,0,0,0,0
guid:{55857b6a-e4b8-6a43-1004-000000000b00},{55857b6a-e4b8-6a43-1004-000000000b00},12964,C:\WINDOWS\System32\WindowsPowerShell\v1.0\powershell.exe,powershell.exe,,labwin\jjstestal,,,fase3_normal,normal,N1;N2;N3;N4;N5,2026-06-30 17:52:59.339+02:00,2026-06-30 17:59:21.979+02:00,40,3,0,2,0,0,30,0,0,0,8,1,2,8,30,0,2,2,0,0,1,0,0,0,0,0,1,0,0,2
guid:{55857b6a-e4c6-6a43-1204-000000000b00},{55857b6a-e4c6-6a43-1204-000000000b00},13796,C:\Windows\System32\svchost.exe,svchost.exe,,NT AUTHORITY\SYSTEM,,,fase3_normal,normal,,2026-06-30 17:57:14.903+02:00,2026-06-30 17:57:14.903+02:00,1,1,0,0,1,0,0,0,0,0,0,0,0,0,0,0,0,0,0,0,0,0,0,0,0,0,0,0,0,0
guid:{55857b6a-e599-6a43-2f04-000000000b00},{55857b6a-e599-6a43-2f04-000000000b00},7460,C:\Windows\System32\wbem\WmiPrvSE.exe,wmiprvse.exe,,NT AUTHORITY\SERVICIO LOCAL,,,fase3_normal,normal,,2026-06-30 17:52:27.291+02:00,2026-06-30 17:52:27.291+02:00,1,1,0,0,1,0,0,0,0,0,0,0,0,0,0,0,0,0,0,0,0,0,0,0,0,0,0,0,0,0
guid:{55857b6a-e599-6a43-3004-000000000b00},{55857b6a-e599-6a43-3004-000000000b00},14116,C:\Windows\System32\svchost.exe,svchost.exe,,NT AUTHORITY\SYSTEM,,,fase3_normal,normal,,2026-06-30 17:51:48.210+02:00,2026-06-30 17:51:48.210+02:00,1,1,0,0,1,0,0,0,0,0,0,0,0,0,0,0,0,0,0,0,0,0,0,0,0,0,0,0,0,0
guid:{55857b6a-e5bc-6a43-3404-000000000b00},{55857b6a-e5bc-6a43-3404-000000000b00},9692,C:\Windows\System32\svchost.exe,svchost.exe,,NT AUTHORITY\SYSTEM,,,fase3_normal,normal,,2026-06-30 17:54:20.171+02:00,2026-06-30 17:54:20.171+02:00,1,1,0,0,1,0,0,0,0,0,0,0,0,0,0,0,0,0,0,0,0,0,0,0,0,0,0,0,0,0
guid:{55857b6a-e5bf-6a43-3504-000000000b00},{55857b6a-e5bf-6a43-3504-000000000b00},11720,C:\Program Files\WindowsApps\Microsoft.ScreenSketch_11.2510.31.0_x64__8wekyb3d8bbwe\SnippingTool\SnippingTool.exe,snippingtool.exe,,labwin\jjstestal,,,fase3_normal,normal,,2026-06-30 17:52:32.458+02:00,2026-06-30 17:52:32.458+02:00,1,1,0,0,0,0,1,0,0,0,0,0,0,0,1,0,0,0,0,0,0,0,0,0,0,0,0,0,0,0
guid:{55857b6a-e613-6a43-3904-000000000b00},{55857b6a-e613-6a43-3904-000000000b00},14280,C:\Windows\System32\wevtutil.exe,wevtutil.exe,"""C:\WINDOWS\system32\wevtutil.exe"" cl Microsoft-Windows-Sysmon/Operational",labwin\jjstestal,C:\Windows\System32\WindowsPowerShell\v1.0\powershell.exe,powershell.exe,fase3_normal,normal,,2026-06-30 17:51:47.813+02:00,2026-06-30 17:51:47.827+02:00,2,2,1,0,1,0,0,0,0,0,0,0,0,0,0,0,0,0,0,0,1,0,0,0,0,0,0,0,74,1
guid:{55857b6a-e620-6a43-3a04-000000000b00},{55857b6a-e620-6a43-3a04-000000000b00},10732,C:\Windows\System32\svchost.exe,svchost.exe,C:\WINDOWS\system32\svchost.exe -k LocalService -p -s CaptureService,labwin\jjstestal,C:\Windows\System32\services.exe,services.exe,fase3_normal,normal,,2026-06-30 17:52:00.369+02:00,2026-06-30 17:52:00.475+02:00,2,2,1,0,1,0,0,0,0,0,0,0,0,0,0,0,0,0,0,0,0,0,0,0,0,0,0,0,68,0
guid:{55857b6a-e626-6a43-3b04-000000000b00},{55857b6a-e626-6a43-3b04-000000000b00},13328,C:\Windows\System32\SearchProtocolHost.exe,searchprotocolhost.exe,"""C:\WINDOWS\System32\SearchProtocolHost.exe"" Global\UsGthrFltPipeMssGthrPipe13_ Global\UsGthrCtrlFltPipeMssGthrPipe13 1 -2147483646 ""Software\Microsoft\Windows Search"" ""Mozilla/4.0 (compatible; MSIE 6.0; Windows NT; MS Search 4.0 Robot)"" ""C:\ProgramData\Microsoft\Search\Data\Temp\usgthrsvc"" ""DownLevelDaemon"" ",NT AUTHORITY\SYSTEM,C:\Windows\System32\SearchIndexer.exe,searchindexer.exe,fase3_normal,normal,,2026-06-30 17:52:06.408+02:00,2026-06-30 17:54:53.582+02:00,2,2,1,0,1,0,0,0,0,0,0,0,0,0,0,0,0,0,1,0,0,0,0,0,0,0,0,0,310,1
guid:{55857b6a-e626-6a43-3c04-000000000b00},{55857b6a-e626-6a43-3c04-000000000b00},5340,C:\Windows\System32\SearchFilterHost.exe,searchfilterhost.exe,"""C:\WINDOWS\System32\SearchFilterHost.exe"" 1120 3004 1544 1096 {1295340B-BF50-4A88-BB2F-287E0B9B0016}",NT AUTHORITY\SYSTEM,C:\Windows\System32\SearchIndexer.exe,searchindexer.exe,fase3_normal,normal,N3,2026-06-30 17:52:06.427+02:00,2026-06-30 17:54:51.330+02:00,2,2,1,0,1,0,0,0,0,0,0,0,0,0,0,0,0,0,0,0,0,0,0,0,0,0,0,0,101,1
guid:{55857b6a-e626-6a43-3d04-000000000b00},{55857b6a-e626-6a43-3d04-000000000b00},10480,C:\Windows\System32\SearchFilterHost.exe,searchfilterhost.exe,"""C:\WINDOWS\System32\SearchFilterHost.exe"" 1120 1612 1604 1096 {0E5DCEC5-7795-4E38-9621-94DFD9F9A421}",NT AUTHORITY\SYSTEM,C:\Windows\System32\SearchIndexer.exe,searchindexer.exe,fase3_normal,normal,N3,2026-06-30 17:52:06.471+02:00,2026-06-30 17:54:51.334+02:00,2,2,1,0,1,0,0,0,0,0,0,0,0,0,0,0,0,0,0,0,0,0,0,0,0,0,0,0,101,1
guid:{55857b6a-e628-6a43-3e04-000000000b00},{55857b6a-e628-6a43-3e04-000000000b00},7700,C:\Windows\System32\svchost.exe,svchost.exe,C:\WINDOWS\system32\svchost.exe -k LocalService -p -s CaptureService,labwin\jjstestal,C:\Windows\System32\services.exe,services.exe,fase3_normal,normal,,2026-06-30 17:52:08.009+02:00,2026-06-30 17:52:08.081+02:00,2,2,1,0,1,0,0,0,0,0,0,0,0,0,0,0,0,0,0,0,0,0,0,0,0,0,0,0,68,0
guid:{55857b6a-e631-6a43-3f04-000000000b00},{55857b6a-e631-6a43-3f04-000000000b00},9180,C:\Windows\System32\PickerHost.exe,pickerhost.exe,C:\Windows\System32\PickerHost.exe -Embedding,labwin\jjstestal,C:\Windows\System32\svchost.exe,svchost.exe,fase3_normal,normal,,2026-06-30 17:52:17.763+02:00,2026-06-30 17:52:32.463+02:00,5,4,1,0,1,1,2,0,0,0,0,0,0,0,2,0,0,0,0,0,0,0,0,0,0,0,0,1,45,1
guid:{55857b6a-e67f-6a43-4004-000000000b00},{55857b6a-e67f-6a43-4004-000000000b00},4072,C:\Program Files\WindowsApps\microsoft.windowsnotepad_11.2510.14.0_x64__8wekyb3d8bbwe\Notepad\Notepad.exe,notepad.exe,"""C:\WINDOWS\system32\notepad.exe"" ",labwin\jjstestal,C:\Windows\System32\WindowsPowerShell\v1.0\powershell.exe,powershell.exe,fase3_normal,normal,N1,2026-06-30 17:53:35.111+02:00,2026-06-30 17:53:38.910+02:00,2,2,1,0,1,0,0,0,0,0,0,0,0,0,0,0,0,0,0,0,1,0,0,0,0,0,0,1,34,1
guid:{55857b6a-e67f-6a43-4104-000000000b00},{55857b6a-e67f-6a43-4104-000000000b00},12492,C:\Program Files\WindowsApps\microsoft.windowsnotepad_11.2510.14.0_x64__8wekyb3d8bbwe\Notepad\Notepad.exe,notepad.exe,"""C:\Program Files\WindowsApps\microsoft.windowsnotepad_11.2510.14.0_x64__8wekyb3d8bbwe\Notepad\Notepad.exe"" /SESSION:V1VEbPF0bEmJEygXfJ40fwAAAAABAgAB6A8AAPF0bEn4AgAAAAAAAA==",labwin\jjstestal,C:\Program Files\WindowsApps\microsoft.windowsnotepad_11.2510.14.0_x64__8wekyb3d8bbwe\Notepad\Notepad.exe,notepad.exe,fase3_normal,normal,N1,2026-06-30 17:53:35.163+02:00,2026-06-30 17:53:38.988+02:00,7,3,1,0,1,0,5,0,0,0,0,0,0,0,5,0,0,0,0,0,0,0,0,0,0,0,0,1,173,1
guid:{55857b6a-e684-6a43-4204-000000000b00},{55857b6a-e684-6a43-4204-000000000b00},1504,C:\Windows\System32\calc.exe,calc.exe,"""C:\WINDOWS\system32\calc.exe"" ",labwin\jjstestal,C:\Windows\System32\WindowsPowerShell\v1.0\powershell.exe,powershell.exe,fase3_normal,normal,N1,2026-06-30 17:53:40.173+02:00,2026-06-30 17:53:40.467+02:00,2,2,1,0,1,0,0,0,0,0,0,0,0,0,0,0,0,0,0,0,1,0,0,0,0,0,0,1,31,1
guid:{55857b6a-e684-6a43-4304-000000000b00},{55857b6a-e684-6a43-4304-000000000b00},13276,C:\Program Files\WindowsApps\microsoft.windowscalculator_11.2508.4.0_x64__8wekyb3d8bbwe\CalculatorApp.exe,calculatorapp.exe,"""C:\Program Files\WindowsApps\Microsoft.WindowsCalculator_11.2508.4.0_x64__8wekyb3d8bbwe\CalculatorApp.exe""",labwin\jjstestal,C:\Windows\System32\sihost.exe,sihost.exe,fase3_normal,normal,N1,2026-06-30 17:53:40.246+02:00,2026-06-30 17:53:47.139+02:00,4,3,1,0,1,0,2,0,0,0,0,0,0,0,2,0,0,0,0,0,0,0,0,0,0,0,0,1,107,1
guid:{55857b6a-e684-6a43-4404-000000000b00},{55857b6a-e684-6a43-4404-000000000b00},2128,C:\Windows\System32\dllhost.exe,dllhost.exe,C:\WINDOWS\system32\DllHost.exe /Processid:{AB8902B4-09CA-4BB6-B78D-A8F59079A8D5},labwin\jjstestal,C:\Windows\System32\svchost.exe,svchost.exe,fase3_normal,normal,N1,2026-06-30 17:53:40.294+02:00,2026-06-30 17:53:51.105+02:00,2,2,1,0,1,0,0,0,0,0,0,0,0,0,0,0,0,0,0,0,0,0,0,0,0,0,0,1,81,0
guid:{55857b6a-e684-6a43-4504-000000000b00},{55857b6a-e684-6a43-4504-000000000b00},7300,C:\Windows\System32\RuntimeBroker.exe,runtimebroker.exe,C:\Windows\System32\RuntimeBroker.exe -Embedding,labwin\jjstestal,C:\Windows\System32\svchost.exe,svchost.exe,fase3_normal,normal,N1;N2,2026-06-30 17:53:40.584+02:00,2026-06-30 17:54:27.157+02:00,3,3,1,0,1,0,1,0,0,0,0,0,0,0,1,0,0,0,0,0,0,0,0,0,0,0,0,1,48,1
guid:{55857b6a-e689-6a43-4604-000000000b00},{55857b6a-e689-6a43-4604-000000000b00},10752,C:\Windows\explorer.exe,explorer.exe,"""C:\WINDOWS\explorer.exe"" ",labwin\jjstestal,C:\Windows\System32\WindowsPowerShell\v1.0\powershell.exe,powershell.exe,fase3_normal,normal,N1,2026-06-30 17:53:45.217+02:00,2026-06-30 17:53:45.273+02:00,2,2,1,0,1,0,0,0,0,0,0,0,0,0,0,0,0,0,0,0,1,0,0,0,0,0,0,1,26,1
guid:{55857b6a-e6c8-6a43-4704-000000000b00},{55857b6a-e6c8-6a43-4704-000000000b00},12380,C:\Windows\System32\cmd.exe,cmd.exe,"""C:\WINDOWS\system32\cmd.exe"" /c whoami",labwin\jjstestal,C:\Windows\System32\WindowsPowerShell\v1.0\powershell.exe,powershell.exe,fase3_normal,normal,N3,2026-06-30 17:54:48.808+02:00,2026-06-30 17:54:48.833+02:00,2,2,1,0,1,0,0,0,0,0,0,0,0,0,0,0,0,0,0,0,1,0,0,0,0,0,1,0,39,1
guid:{55857b6a-e6c8-6a43-4804-000000000b00},{55857b6a-e6c8-6a43-4804-000000000b00},13356,C:\Windows\System32\whoami.exe,whoami.exe,whoami,labwin\jjstestal,C:\Windows\System32\cmd.exe,cmd.exe,fase3_normal,normal,N3,2026-06-30 17:54:48.823+02:00,2026-06-30 17:54:48.831+02:00,2,2,1,0,1,0,0,0,0,0,0,0,0,0,0,0,0,0,0,0,0,0,0,0,0,0,0,1,6,1
guid:{55857b6a-e6c8-6a43-4904-000000000b00},{55857b6a-e6c8-6a43-4904-000000000b00},4268,C:\Windows\System32\cmd.exe,cmd.exe,"""C:\WINDOWS\system32\cmd.exe"" /c ipconfig /all",labwin\jjstestal,C:\Windows\System32\WindowsPowerShell\v1.0\powershell.exe,powershell.exe,fase3_normal,normal,N3,2026-06-30 17:54:48.850+02:00,2026-06-30 17:54:48.876+02:00,2,2,1,0,1,0,0,0,0,0,0,0,0,0,0,0,0,0,0,0,1,0,0,0,0,0,1,0,46,1
guid:{55857b6a-e6c8-6a43-4a04-000000000b00},{55857b6a-e6c8-6a43-4a04-000000000b00},13032,C:\Windows\System32\ipconfig.exe,ipconfig.exe,ipconfig  /all,labwin\jjstestal,C:\Windows\System32\cmd.exe,cmd.exe,fase3_normal,normal,N3,2026-06-30 17:54:48.859+02:00,2026-06-30 17:54:48.873+02:00,2,2,1,0,1,0,0,0,0,0,0,0,0,0,0,0,0,0,0,0,0,0,0,0,0,0,0,1,14,1
guid:{55857b6a-e6c8-6a43-4b04-000000000b00},{55857b6a-e6c8-6a43-4b04-000000000b00},3680,C:\Windows\System32\cmd.exe,cmd.exe,"""C:\WINDOWS\system32\cmd.exe"" /c tasklist",labwin\jjstestal,C:\Windows\System32\WindowsPowerShell\v1.0\powershell.exe,powershell.exe,fase3_normal,normal,N3,2026-06-30 17:54:48.891+02:00,2026-06-30 17:54:49.014+02:00,2,2,1,0,1,0,0,0,0,0,0,0,0,0,0,0,0,0,0,0,1,0,0,0,0,0,1,0,41,1
guid:{55857b6a-e6c8-6a43-4c04-000000000b00},{55857b6a-e6c8-6a43-4c04-000000000b00},12748,C:\Windows\System32\tasklist.exe,tasklist.exe,tasklist,labwin\jjstestal,C:\Windows\System32\cmd.exe,cmd.exe,fase3_normal,normal,N3,2026-06-30 17:54:48.901+02:00,2026-06-30 17:54:49.012+02:00,2,2,1,0,1,0,0,0,0,0,0,0,0,0,0,0,0,0,0,0,0,0,0,0,0,0,0,1,8,1
guid:{55857b6a-e6c8-6a43-4d04-000000000b00},{55857b6a-e6c8-6a43-4d04-000000000b00},13440,C:\Windows\System32\wbem\WmiPrvSE.exe,wmiprvse.exe,C:\WINDOWS\system32\wbem\wmiprvse.exe -secured -Embedding,NT AUTHORITY\Servicio de red,C:\Windows\System32\svchost.exe,svchost.exe,fase3_normal,normal,N3,2026-06-30 17:54:48.925+02:00,2026-06-30 17:57:28.517+02:00,2,2,1,0,1,0,0,0,0,0,0,0,0,0,0,0,0,0,0,0,0,0,0,0,0,0,0,0,57,1
guid:{55857b6a-e6c9-6a43-4e04-000000000b00},{55857b6a-e6c9-6a43-4e04-000000000b00},5572,C:\Windows\System32\cmd.exe,cmd.exe,"""C:\WINDOWS\system32\cmd.exe"" /c schtasks /query /fo LIST",labwin\jjstestal,C:\Windows\System32\WindowsPowerShell\v1.0\powershell.exe,powershell.exe,fase3_normal,normal,N3,2026-06-30 17:54:49.030+02:00,2026-06-30 17:54:49.671+02:00,2,2,1,0,1,0,0,0,0,0,0,0,0,0,0,0,0,0,0,0,1,0,0,0,0,0,1,0,57,2
guid:{55857b6a-e6c9-6a43-4f04-000000000b00},{55857b6a-e6c9-6a43-4f04-000000000b00},12356,C:\Windows\System32\schtasks.exe,schtasks.exe,schtasks  /query /fo LIST,labwin\jjstestal,C:\Windows\System32\cmd.exe,cmd.exe,fase3_normal,normal,N3,2026-06-30 17:54:49.042+02:00,2026-06-30 17:54:49.668+02:00,2,2,1,0,1,0,0,0,0,0,0,0,0,0,0,0,0,0,0,0,0,0,0,1,0,0,1,1,25,2
guid:{55857b6a-e6e0-6a43-5004-000000000b00},{55857b6a-e6e0-6a43-5004-000000000b00},13216,C:\Windows\System32\WindowsPowerShell\v1.0\powershell.exe,powershell.exe,"""C:\WINDOWS\System32\WindowsPowerShell\v1.0\powershell.exe"" -NoProfile -Command Get-Date",labwin\jjstestal,C:\Windows\System32\WindowsPowerShell\v1.0\powershell.exe,powershell.exe,fase3_normal,normal,N4,2026-06-30 17:55:12.676+02:00,2026-06-30 17:55:13.742+02:00,5,3,1,0,1,0,3,0,0,0,0,0,0,0,3,0,0,0,1,0,1,0,0,0,0,1,1,0,88,4
guid:{55857b6a-e6e1-6a43-5104-000000000b00},{55857b6a-e6e1-6a43-5104-000000000b00},3768,C:\Windows\System32\WindowsPowerShell\v1.0\powershell.exe,powershell.exe,"""C:\WINDOWS\System32\WindowsPowerShell\v1.0\powershell.exe"" -NoProfile -Command ""Get-Process | Select-Object -First 10""",labwin\jjstestal,C:\Windows\System32\WindowsPowerShell\v1.0\powershell.exe,powershell.exe,fase3_normal,normal,N4,2026-06-30 17:55:13.765+02:00,2026-06-30 17:55:14.523+02:00,5,3,1,0,1,0,3,0,0,0,0,0,0,0,3,0,0,0,1,0,1,0,0,0,0,1,1,0,119,4
guid:{55857b6a-e6e2-6a43-5204-000000000b00},{55857b6a-e6e2-6a43-5204-000000000b00},6516,C:\Windows\System32\WindowsPowerShell\v1.0\powershell.exe,powershell.exe,"""C:\WINDOWS\System32\WindowsPowerShell\v1.0\powershell.exe"" -NoProfile -Command ""Get-Service | Select-Object -First 10""",labwin\jjstestal,C:\Windows\System32\WindowsPowerShell\v1.0\powershell.exe,powershell.exe,fase3_normal,normal,N4,2026-06-30 17:55:14.547+02:00,2026-06-30 17:55:15.249+02:00,5,3,1,0,1,0,3,0,0,0,0,0,0,0,3,0,0,0,1,0,1,0,0,0,0,1,1,0,119,4
guid:{55857b6a-e6e3-6a43-5304-000000000b00},{55857b6a-e6e3-6a43-5304-000000000b00},3228,C:\Windows\System32\WindowsPowerShell\v1.0\powershell.exe,powershell.exe,"""C:\WINDOWS\System32\WindowsPowerShell\v1.0\powershell.exe"" -NoProfile -Command ""Get-ChildItem C:\TFM_Triage | Select-Object Name, FullName""",labwin\jjstestal,C:\Windows\System32\WindowsPowerShell\v1.0\powershell.exe,powershell.exe,fase3_normal,normal,N4,2026-06-30 17:55:15.273+02:00,2026-06-30 17:55:15.987+02:00,5,3,1,0,1,0,3,0,0,0,0,0,0,0,3,0,0,0,1,0,1,0,0,0,0,1,1,0,140,4
guid:{55857b6a-e6f4-6a43-5404-000000000b00},{55857b6a-e6f4-6a43-5404-000000000b00},5512,C:\Windows\System32\wbem\WmiPrvSE.exe,wmiprvse.exe,C:\WINDOWS\system32\wbem\wmiprvse.exe -secured -Embedding,NT AUTHORITY\SERVICIO LOCAL,C:\Windows\System32\svchost.exe,svchost.exe,fase3_normal,normal,N5,2026-06-30 17:55:32.717+02:00,2026-06-30 17:57:28.516+02:00,2,2,1,0,1,0,0,0,0,0,0,0,0,0,0,0,0,0,0,0,0,0,0,0,0,0,0,0,57,0
guid:{55857b6a-e6f4-6a43-5504-000000000b00},{55857b6a-e6f4-6a43-5504-000000000b00},12652,C:\Windows\System32\svchost.exe,svchost.exe,C:\WINDOWS\System32\svchost.exe -k netsvcs -p -s NetSetupSvc,NT AUTHORITY\SYSTEM,C:\Windows\System32\services.exe,services.exe,fase3_normal,normal,N5,2026-06-30 17:55:32.792+02:00,2026-06-30 17:56:35.731+02:00,2,2,1,0,1,0,0,0,0,0,0,0,0,0,0,0,0,0,0,0,0,0,0,0,0,0,0,0,60,0
